var,scenario,varBinaryOriginal,varTypeTrans,varStatus,varMayRoundUp,varMayRoundDown,varMayIsActive,varIsDeletable,varIsRemovable,varObj,varPseudoSol,NLocksDown,NLocksUp,IsTransformed,multaggrConstant,varAggrScalar,varAggrConstant,varMultaggrNVars,varBestBound,varWorstBound,varBranchFactor,varBranchPriority,varBranchDirection,varNImpls0,varNImpls1,varGetNCliques0,varGetNCliques1,varConflictScore,varAvgInferenceScore,relaxSolVal,varImplRedcost0,varImplRedcost1,varPseudocostScore,equalToLb,equalToUb,target
x74,1664186899,1,0,3,1,1,0,0,0,0,1,0,0,1,0,0,0,0,1,1,1,0,3,0,0,0,0,1.00E-12,1.00E-12,0,1.00E+99,1.00E+99,1,1,0,1
x75,1664186899,1,0,1,0,0,1,0,0,0,0,1,2,1,0,0,0,0,0,1,1,0,3,12,0,8,1,1.00E-12,58.5,0,1.00E+99,1.00E+99,1,1,0,1
x76,1664186899,1,0,1,0,0,1,0,0,0,0,1,2,1,0,0,0,0,0,1,1,0,3,2,0,0,0,1.00E-12,2.00E-06,0,1.00E+99,1.00E+99,1,1,0,1
x77,1664186899,1,0,1,0,0,1,0,0,0,0,1,2,1,0,0,0,0,0,1,1,0,3,1,0,0,0,1.00E-12,1.00E-06,0,1.00E+99,1.00E+99,1,1,0,1
x78,1664186899,1,0,1,0,0,1,0,0,0,0,7,8,1,0,0,0,0,0,1,1,0,3,4,2,0,1,1.00E-12,12,0,1.00E+99,1.00E+99,1,1,0,1
x79,1664186899,1,0,1,0,0,1,0,0,0,0,1,2,1,0,0,0,0,0,1,1,0,3,1,0,0,0,1.00E-12,1.00E-06,0,1.00E+99,1.00E+99,1,1,0,1
x80,1664186899,1,0,1,0,0,1,0,0,0,0,1,2,1,0,0,0,0,0,1,1,0,3,2,0,0,0,1.00E-12,2.00E-06,0,1.00E+99,1.00E+99,1,1,0,1
x81,1664186899,1,0,1,0,0,1,0,0,0,0,7,8,1,0,0,0,0,0,1,1,0,3,3,2,0,1,1.00E-12,9,0,1.00E+99,1.00E+99,1,1,0,1
x82,1664186899,1,0,1,0,0,1,0,0,0,0,1,2,1,0,0,0,0,0,1,1,0,3,5,0,1,0,1.00E-12,8.00E-06,0,1.00E+99,1.00E+99,1,1,0,1
x83,1664186899,1,0,1,0,0,1,0,0,0,0,1,2,1,0,0,0,0,0,1,1,0,3,1,0,0,0,1.00E-12,1.00E-06,0,1.00E+99,1.00E+99,1,1,0,1
x84,1664186899,1,0,1,0,0,1,0,0,0,0,1,2,1,0,0,0,0,0,1,1,0,3,1,0,0,0,1.00E-12,1.00E-06,0,1.00E+99,1.00E+99,1,1,0,1
x85,1664186899,1,0,1,0,0,1,0,0,0,0,1,2,1,0,0,0,0,0,1,1,0,3,2,0,0,0,1.00E-12,2.00E-06,0,1.00E+99,1.00E+99,1,1,0,1
x86,1664186899,1,0,1,0,0,1,0,0,0,0,7,8,1,0,0,0,0,0,1,1,0,3,3,2,0,1,1.00E-12,9,0,1.00E+99,1.00E+99,1,1,0,0
x87,1664186899,1,0,1,0,0,1,0,0,0,0,1,2,1,0,0,0,0,0,1,1,0,3,2,0,0,0,1.00E-12,2.00E-06,0,1.00E+99,1.00E+99,1,1,0,0
x88,1664186899,1,0,1,0,0,1,0,0,0,0,1,2,1,0,0,0,0,0,1,1,0,3,1,0,0,0,1.00E-12,1.00E-06,0,1.00E+99,1.00E+99,1,1,0,1
x89,1664186899,1,0,3,1,1,0,0,0,0,0,0,0,1,0,0,0,0,0,0,1,0,3,0,0,0,0,1.00E-12,1.00E-12,0,1.00E+99,1.00E+99,1,1,0,0
x90,1664186899,1,0,3,1,1,0,0,0,0,1,0,0,1,0,0,0,0,1,1,1,0,3,0,0,0,0,1.00E-12,1.00E-12,0,1.00E+99,1.00E+99,1,1,0,1
x91,1664186899,1,0,1,0,0,1,0,0,0,0,1,2,1,0,0,0,0,0,1,1,0,3,0,0,0,0,1.00E-12,1.00E-12,0,1.00E+99,1.00E+99,1,1,0,1
x92,1664186899,1,0,1,0,0,1,0,0,0,0,1,2,1,0,0,0,0,0,1,1,0,3,0,0,0,0,1.00E-12,1.00E-12,0,1.00E+99,1.00E+99,1,1,0,1
x93,1664186899,1,0,1,0,0,1,0,0,0,0,1,2,1,0,0,0,0,0,1,1,0,3,0,0,0,0,1.00E-12,1.00E-12,0,1.00E+99,1.00E+99,1,1,0,1
x94,1664186899,1,0,1,0,0,1,0,0,0,0,9,10,1,0,0,0,0,0,1,1,0,3,5,0,0,0,1.00E-12,5.00E-06,0,1.00E+99,1.00E+99,1,1,0,1
x95,1664186899,1,0,1,0,0,1,0,0,0,0,1,2,1,0,0,0,0,0,1,1,0,3,0,0,0,0,1.00E-12,1.00E-12,0,1.00E+99,1.00E+99,1,1,0,1
x96,1664186899,1,0,1,0,0,1,0,0,0,0,1,2,1,0,0,0,0,0,1,1,0,3,0,2,0,0,1.00E-12,2.00E-06,0,1.00E+99,1.00E+99,1,1,0,1
x97,1664186899,1,0,1,0,0,1,0,0,0,0,9,10,1,0,0,0,0,0,1,1,0,3,5,0,0,0,1.00E-12,5.00E-06,0,1.00E+99,1.00E+99,1,1,0,1
x98,1664186899,1,0,1,0,0,1,0,0,0,0,1,2,1,0,0,0,0,0,1,1,0,3,0,0,0,0,1.00E-12,1.00E-12,0,1.00E+99,1.00E+99,1,1,0,1
x99,1664186899,1,0,1,0,0,1,0,0,0,0,1,2,1,0,0,0,0,0,1,1,0,3,0,0,0,0,1.00E-12,1.00E-12,0,1.00E+99,1.00E+99,1,1,0,1
x100,1664186899,1,0,1,0,0,1,0,0,0,0,1,2,1,0,0,0,0,0,1,1,0,3,0,0,0,0,1.00E-12,1.00E-12,0,1.00E+99,1.00E+99,1,1,0,1
x101,1664186899,1,0,1,0,0,1,0,0,0,0,1,2,1,0,0,0,0,0,1,1,0,3,0,2,0,0,1.00E-12,2.00E-06,0,1.00E+99,1.00E+99,1,1,0,0
x102,1664186899,1,0,1,0,0,1,0,0,0,0,9,10,1,0,0,0,0,0,1,1,0,3,5,0,0,0,1.00E-12,5.00E-06,0,1.00E+99,1.00E+99,1,1,0,0
x103,1664186899,1,0,1,0,0,1,0,0,0,0,1,2,1,0,0,0,0,0,1,1,0,3,0,0,0,0,1.00E-12,1.00E-12,0,1.00E+99,1.00E+99,1,1,0,1
x104,1664186899,1,0,3,1,1,0,0,0,0,0,0,0,1,0,0,0,0,0,0,1,0,3,0,0,0,0,1.00E-12,1.00E-12,0,0,0,1.00E-12,1,1,0
x105,1664186899,1,0,3,1,1,0,0,0,0,0,0,0,1,0,0,0,0,0,0,1,0,3,0,0,0,0,1.00E-12,1.00E-12,0,0,0,1.00E-12,1,1,0
x106,1664186899,1,0,3,1,1,0,0,0,0,0,0,0,1,0,0,0,0,0,0,1,0,3,0,0,0,0,1.00E-12,1.00E-12,0,0,0,1.00E-12,1,1,0
x107,1664186899,1,0,3,1,1,0,0,0,0,0,0,0,1,0,0,0,0,0,0,1,0,3,0,0,0,0,1.00E-12,1.00E-12,0,0,0,1.00E-12,1,1,0
x108,1664186899,1,0,3,1,1,0,0,0,0,0,0,0,1,0,0,0,0,0,0,1,0,3,0,0,0,0,1.00E-12,1.00E-12,0,0,0,1.00E-12,1,1,0
x109,1664186899,1,0,3,1,1,0,0,0,0,0,0,0,1,0,0,0,0,0,0,1,0,3,0,0,0,0,1.00E-12,1.00E-12,0,0,0,1.00E-12,1,1,0
x110,1664186899,1,0,3,1,1,0,0,0,0,0,0,0,1,0,0,0,0,0,0,1,0,3,0,0,0,0,1.00E-12,1.00E-12,0,0,0,1.00E-12,1,1,0
x111,1664186899,1,0,3,1,1,0,0,0,0,0,0,0,1,0,0,0,0,0,0,1,0,3,0,0,0,0,1.00E-12,1.00E-12,0,0,0,1.00E-12,1,1,0
x112,1664186899,1,0,3,1,1,0,0,0,0,0,0,0,1,0,0,0,0,0,0,1,0,3,0,0,0,0,1.00E-12,1.00E-12,0,0,0,1.00E-12,1,1,0
x113,1664186899,1,0,3,1,1,0,0,0,0,0,0,0,1,0,0,0,0,0,0,1,0,3,0,0,0,0,1.00E-12,1.00E-12,0,0,0,1.00E-12,1,1,0
x114,1664186899,1,0,3,1,1,0,0,0,0,0,0,0,1,0,0,0,0,0,0,1,0,3,0,0,0,0,1.00E-12,1.00E-12,0,0,0,1.00E-12,1,1,0
x115,1664186899,1,0,3,1,1,0,0,0,0,0,0,0,1,0,0,0,0,0,0,1,0,3,0,0,0,0,1.00E-12,1.00E-12,0,0,0,1.00E-12,1,1,0
x116,1664186899,1,0,3,1,1,0,0,0,0,0,0,0,1,0,0,0,0,0,0,1,0,3,0,0,0,0,1.00E-12,1.00E-12,0,0,0,1.00E-12,1,1,0
x117,1664186899,1,0,3,1,1,0,0,0,0,0,0,0,1,0,0,0,0,0,0,1,0,3,0,0,0,0,1.00E-12,1.00E-12,0,0,0,1.00E-12,1,1,0
x118,1664186899,1,0,3,1,1,0,0,0,0,0,0,0,1,0,0,0,0,0,0,1,0,3,0,0,0,0,1.00E-12,1.00E-12,0,0,0,1.00E-12,1,1,0
x119,1664186899,1,0,3,1,1,0,0,0,0,0,0,0,1,0,0,0,0,0,0,1,0,3,0,0,0,0,1.00E-12,1.00E-12,0,0,0,1.00E-12,1,1,0
x120,1664186899,1,0,3,1,1,0,0,0,0,0,0,0,1,0,0,0,0,0,0,1,0,3,0,0,0,0,1.00E-12,1.00E-12,0,0,0,1.00E-12,1,1,0
x121,1664186899,1,0,3,1,1,0,0,0,0,0,0,0,1,0,0,0,0,0,0,1,0,3,0,0,0,0,1.00E-12,1.00E-12,0,0,0,1.00E-12,1,1,0
x122,1664186899,1,0,3,1,1,0,0,0,0,0,0,0,1,0,0,0,0,0,0,1,0,3,0,0,0,0,1.00E-12,1.00E-12,0,0,0,1.00E-12,1,1,0
x123,1664186899,1,0,3,1,1,0,0,0,0,0,0,0,1,0,0,0,0,0,0,1,0,3,0,0,0,0,1.00E-12,1.00E-12,0,0,0,1.00E-12,1,1,0
x124,1664186899,1,0,3,1,1,0,0,0,0,0,0,0,1,0,0,0,0,0,0,1,0,3,0,0,0,0,1.00E-12,1.00E-12,0,0,0,1.00E-12,1,1,0
x125,1664186899,1,0,3,1,1,0,0,0,0,0,0,0,1,0,0,0,0,0,0,1,0,3,0,0,0,0,1.00E-12,1.00E-12,0,0,0,1.00E-12,1,1,0
x126,1664186899,1,0,3,1,1,0,0,0,0,0,0,0,1,0,0,0,0,0,0,1,0,3,0,0,0,0,1.00E-12,1.00E-12,0,0,0,1.00E-12,1,1,0
x127,1664186899,1,0,3,1,1,0,0,0,0,0,0,0,1,0,0,0,0,0,0,1,0,3,0,0,0,0,1.00E-12,1.00E-12,0,0,0,1.00E-12,1,1,0
x128,1664186899,1,0,3,1,1,0,0,0,0,0,0,0,1,0,0,0,0,0,0,1,0,3,0,0,0,0,1.00E-12,1.00E-12,0,0,0,1.00E-12,1,1,0
x129,1664186899,1,0,3,1,1,0,0,0,0,0,0,0,1,0,0,0,0,0,0,1,0,3,0,0,0,0,1.00E-12,1.00E-12,0,0,0,1.00E-12,1,1,0
x130,1664186899,1,0,3,1,1,0,0,0,0,0,0,0,1,0,0,0,0,0,0,1,0,3,0,0,0,0,1.00E-12,1.00E-12,0,0,0,1.00E-12,1,1,0
x131,1664186899,1,0,3,1,1,0,0,0,0,0,0,0,1,0,0,0,0,0,0,1,0,3,0,0,0,0,1.00E-12,1.00E-12,0,0,0,1.00E-12,1,1,0
x132,1664186899,1,0,3,1,1,0,0,0,0,0,0,0,1,0,0,0,0,0,0,1,0,3,0,0,0,0,1.00E-12,1.00E-12,0,0,0,1.00E-12,1,1,0
x133,1664186899,1,0,3,1,1,0,0,0,0,0,0,0,1,0,0,0,0,0,0,1,0,3,0,0,0,0,1.00E-12,1.00E-12,0,0,0,1.00E-12,1,1,0
x134,1664186899,1,0,1,0,0,1,0,0,0,0,7,8,1,0,0,0,0,0,1,1,0,3,3,2,0,1,1.00E-12,9,0,1.00E+99,1.00E+99,1,1,0,0
x135,1664186899,1,0,1,0,0,1,0,0,0,0,1,2,1,0,0,0,0,0,1,1,0,3,0,0,0,0,1.00E-12,1.00E-12,0,1.00E+99,1.00E+99,1,1,0,0
x136,1664186899,1,0,1,0,0,1,0,0,0,0,1,2,1,0,0,0,0,0,1,1,0,3,0,0,0,0,1.00E-12,1.00E-12,0,1.00E+99,1.00E+99,1,1,0,0
x137,1664186899,1,0,1,0,0,1,0,0,0,0,1,2,1,0,0,0,0,0,1,1,0,3,0,0,0,0,1.00E-12,1.00E-12,0,1.00E+99,1.00E+99,1,1,0,0
x138,1664186899,1,0,3,1,1,0,0,0,0,1,0,0,1,0,0,0,0,1,1,1,0,3,0,0,0,0,1.00E-12,1.00E-12,0,1.00E+99,1.00E+99,1,1,0,1
x139,1664186899,1,0,1,0,0,1,0,0,0,0,1,2,1,0,0,0,0,0,1,1,0,3,0,0,0,1,1.00E-12,1.00E-06,0,1.00E+99,1.00E+99,1,1,0,1
x140,1664186899,1,0,1,0,0,1,0,0,0,0,1,2,1,0,0,0,0,0,1,1,0,3,0,0,0,0,1.00E-12,1.00E-12,0,1.00E+99,1.00E+99,1,1,0,1
x141,1664186899,1,0,1,0,0,1,0,0,0,0,7,8,1,0,0,0,0,0,1,1,0,3,3,2,0,1,1.00E-12,9,0,1.00E+99,1.00E+99,1,1,0,0
x142,1664186899,1,0,1,0,0,1,0,0,0,0,1,2,1,0,0,0,0,0,1,1,0,3,2,0,1,0,1.00E-12,3.00E-06,0,1.00E+99,1.00E+99,1,1,0,0
x143,1664186899,1,0,1,0,0,1,0,0,0,0,1,2,1,0,0,0,0,0,1,1,0,3,0,0,0,0,1.00E-12,1.00E-12,0,1.00E+99,1.00E+99,1,1,0,1
x144,1664186899,1,0,1,0,0,1,0,0,0,0,1,2,1,0,0,0,0,0,1,1,0,3,0,0,0,0,1.00E-12,1.00E-12,0,1.00E+99,1.00E+99,1,1,0,1
x145,1664186899,1,0,1,0,0,1,0,0,0,0,1,2,1,0,0,0,0,0,1,1,0,3,0,0,0,0,1.00E-12,1.00E-12,0,1.00E+99,1.00E+99,1,1,0,1
x146,1664186899,1,0,1,0,0,1,0,0,0,0,7,8,1,0,0,0,0,0,1,1,0,3,3,2,0,1,1.00E-12,9,0,1.00E+99,1.00E+99,1,1,0,0
x147,1664186899,1,0,1,0,0,1,0,0,0,0,1,2,1,0,0,0,0,0,1,1,0,3,0,0,0,0,1.00E-12,1.00E-12,0,1.00E+99,1.00E+99,1,1,0,0
x148,1664186899,1,0,1,0,0,1,0,0,0,0,1,2,1,0,0,0,0,0,1,1,0,3,0,0,0,0,1.00E-12,1.00E-12,0,1.00E+99,1.00E+99,1,1,0,0
x149,1664186899,1,0,1,0,0,1,0,0,0,0,1,2,1,0,0,0,0,0,1,1,0,3,0,1,0,0,1.00E-12,1.00E-06,0,1.00E+99,1.00E+99,1,1,0,0
x150,1664186899,1,0,1,0,0,1,0,0,0,0,9,10,1,0,0,0,0,0,1,1,0,3,5,0,0,0,1.00E-12,5.00E-06,0,1.00E+99,1.00E+99,1,1,0,0
x151,1664186899,1,0,1,0,0,1,0,0,0,0,1,2,1,0,0,0,0,0,1,1,0,3,0,0,0,0,1.00E-12,1.00E-12,0,1.00E+99,1.00E+99,1,1,0,0
x152,1664186899,1,0,1,0,0,1,0,0,0,0,1,2,1,0,0,0,0,0,1,1,0,3,0,0,0,0,1.00E-12,1.00E-12,0,1.00E+99,1.00E+99,1,1,0,0
x153,1664186899,1,0,1,0,0,1,0,0,0,0,1,2,1,0,0,0,0,0,1,1,0,3,0,0,0,1,1.00E-12,1.00E-06,0,1.00E+99,1.00E+99,1,1,0,1
x154,1664186899,1,0,3,1,1,0,0,0,0,1,0,0,1,0,0,0,0,1,1,1,0,3,0,0,0,0,1.00E-12,1.00E-12,0,1.00E+99,1.00E+99,1,1,0,1
x155,1664186899,1,0,1,0,0,1,0,0,0,0,1,2,1,0,0,0,0,0,1,1,0,3,0,0,0,0,1.00E-12,1.00E-12,0,1.00E+99,1.00E+99,1,1,0,1
x156,1664186899,1,0,1,0,0,1,0,0,0,0,1,2,1,0,0,0,0,0,1,1,0,3,0,2,0,0,1.00E-12,2.00E-06,0,1.00E+99,1.00E+99,1,1,0,0
x157,1664186899,1,0,1,0,0,1,0,0,0,0,9,10,1,0,0,0,0,0,1,1,0,3,5,0,0,0,1.00E-12,5.00E-06,0,1.00E+99,1.00E+99,1,1,0,0
x158,1664186899,1,0,1,0,0,1,0,0,0,0,1,2,1,0,0,0,0,0,1,1,0,3,0,0,0,0,1.00E-12,1.00E-12,0,1.00E+99,1.00E+99,1,1,0,1
x159,1664186899,1,0,1,0,0,1,0,0,0,0,1,2,1,0,0,0,0,0,1,1,0,3,0,0,0,0,1.00E-12,1.00E-12,0,1.00E+99,1.00E+99,1,1,0,1
x160,1664186899,1,0,1,0,0,1,0,0,0,0,1,2,1,0,0,0,0,0,1,1,0,3,0,0,0,0,1.00E-12,1.00E-12,0,1.00E+99,1.00E+99,1,1,0,1
x161,1664186899,1,0,1,0,0,1,0,0,0,0,1,2,1,0,0,0,0,0,1,1,0,3,0,2,0,0,1.00E-12,2.00E-06,0,1.00E+99,1.00E+99,1,1,0,0
x162,1664186899,1,0,1,0,0,1,0,0,0,0,9,10,1,0,0,0,0,0,1,1,0,3,5,0,0,0,1.00E-12,5.00E-06,0,1.00E+99,1.00E+99,1,1,0,0
x163,1664186899,1,0,1,0,0,1,0,0,0,0,1,2,1,0,0,0,0,0,1,1,0,3,0,0,0,0,1.00E-12,1.00E-12,0,1.00E+99,1.00E+99,1,1,0,0
x164,1664186899,1,0,3,1,1,0,0,0,0,0,0,0,1,0,0,0,0,0,0,1,0,3,0,0,0,0,1.00E-12,1.00E-12,0,0,0,1.00E-12,1,1,0
x165,1664186899,1,0,3,1,1,0,0,0,0,0,0,0,1,0,0,0,0,0,0,1,0,3,0,0,0,0,1.00E-12,1.00E-12,0,0,0,1.00E-12,1,1,0
x166,1664186899,1,0,3,1,1,0,0,0,0,0,0,0,1,0,0,0,0,0,0,1,0,3,0,0,0,0,1.00E-12,1.00E-12,0,0,0,1.00E-12,1,1,0
x167,1664186899,1,0,3,1,1,0,0,0,0,0,0,0,1,0,0,0,0,0,0,1,0,3,0,0,0,0,1.00E-12,1.00E-12,0,0,0,1.00E-12,1,1,0
x168,1664186899,1,0,3,1,1,0,0,0,0,0,0,0,1,0,0,0,0,0,0,1,0,3,0,0,0,0,1.00E-12,1.00E-12,0,0,0,1.00E-12,1,1,0
x169,1664186899,1,0,3,1,1,0,0,0,0,0,0,0,1,0,0,0,0,0,0,1,0,3,0,0,0,0,1.00E-12,1.00E-12,0,0,0,1.00E-12,1,1,0
x170,1664186899,1,0,3,1,1,0,0,0,0,0,0,0,1,0,0,0,0,0,0,1,0,3,0,0,0,0,1.00E-12,1.00E-12,0,0,0,1.00E-12,1,1,0
x171,1664186899,1,0,3,1,1,0,0,0,0,0,0,0,1,0,0,0,0,0,0,1,0,3,0,0,0,0,1.00E-12,1.00E-12,0,0,0,1.00E-12,1,1,0
x172,1664186899,1,0,3,1,1,0,0,0,0,0,0,0,1,0,0,0,0,0,0,1,0,3,0,0,0,0,1.00E-12,1.00E-12,0,0,0,1.00E-12,1,1,0
x173,1664186899,1,0,3,1,1,0,0,0,0,0,0,0,1,0,0,0,0,0,0,1,0,3,0,0,0,0,1.00E-12,1.00E-12,0,0,0,1.00E-12,1,1,0
x174,1664186899,1,0,3,1,1,0,0,0,0,0,0,0,1,0,0,0,0,0,0,1,0,3,0,0,0,0,1.00E-12,1.00E-12,0,0,0,1.00E-12,1,1,0
x175,1664186899,1,0,3,1,1,0,0,0,0,0,0,0,1,0,0,0,0,0,0,1,0,3,0,0,0,0,1.00E-12,1.00E-12,0,0,0,1.00E-12,1,1,0
x176,1664186899,1,0,3,1,1,0,0,0,0,0,0,0,1,0,0,0,0,0,0,1,0,3,0,0,0,0,1.00E-12,1.00E-12,0,0,0,1.00E-12,1,1,0
x177,1664186899,1,0,3,1,1,0,0,0,0,0,0,0,1,0,0,0,0,0,0,1,0,3,0,0,0,0,1.00E-12,1.00E-12,0,0,0,1.00E-12,1,1,0
x178,1664186899,1,0,3,1,1,0,0,0,0,0,0,0,1,0,0,0,0,0,0,1,0,3,0,0,0,0,1.00E-12,1.00E-12,0,0,0,1.00E-12,1,1,0
x179,1664186899,1,0,1,0,0,1,0,0,0,0,8,9,1,0,0,0,0,0,1,1,0,3,4,2,0,1,1.00E-12,12,0,1.00E+99,1.00E+99,1,1,0,0
x180,1664186899,1,0,1,0,0,1,0,0,0,0,1,2,1,0,0,0,0,0,1,1,0,3,2,0,0,0,1.00E-12,2.00E-06,0,1.00E+99,1.00E+99,1,1,0,0
x181,1664186899,1,0,1,0,0,1,0,0,0,0,1,2,1,0,0,0,0,0,1,1,0,3,2,0,0,0,1.00E-12,2.00E-06,0,1.00E+99,1.00E+99,1,1,0,1
x182,1664186899,1,0,1,0,0,1,0,0,0,0,1,2,1,0,0,0,0,0,1,1,0,3,2,0,0,0,1.00E-12,2.00E-06,0,1.00E+99,1.00E+99,1,1,0,1
x183,1664186899,1,0,1,0,0,1,0,0,0,0,8,9,1,0,0,0,0,0,1,1,0,3,4,2,0,1,1.00E-12,12,0,1.00E+99,1.00E+99,1,1,0,1
x184,1664186899,1,0,1,0,0,1,0,0,0,0,1,2,1,0,0,0,0,0,1,1,0,3,2,0,0,0,1.00E-12,2.00E-06,0,1.00E+99,1.00E+99,1,1,0,1
x185,1664186899,1,0,1,0,0,1,0,0,0,0,1,2,1,0,0,0,0,0,1,1,0,3,2,0,0,0,1.00E-12,2.00E-06,0,1.00E+99,1.00E+99,1,1,0,1
x186,1664186899,1,0,3,1,1,0,0,0,0,1,0,0,1,0,0,0,0,1,1,1,0,3,0,0,0,0,1.00E-12,1.00E-12,0,1.00E+99,1.00E+99,1,1,0,1
x187,1664186899,1,0,1,0,0,1,0,0,0,0,1,2,1,0,0,0,0,0,1,1,0,3,29,0,25,1,1.00E-12,187,0,1.00E+99,1.00E+99,1,1,0,1
x188,1664186899,1,0,1,0,0,1,0,0,0,0,1,2,1,0,0,0,0,0,1,1,0,3,2,0,0,0,1.00E-12,2.00E-06,0,1.00E+99,1.00E+99,1,1,0,1
x189,1664186899,1,0,1,0,0,1,0,0,0,0,1,2,1,0,0,0,0,0,1,1,0,3,1,0,0,0,1.00E-12,1.00E-06,0,1.00E+99,1.00E+99,1,1,0,1
x190,1664186899,1,0,1,0,0,1,0,0,0,0,1,2,1,0,0,0,0,0,1,1,0,3,2,0,0,0,1.00E-12,2.00E-06,0,1.00E+99,1.00E+99,1,1,0,1
x191,1664186899,1,0,1,0,0,1,0,0,0,0,8,9,1,0,0,0,0,0,1,1,0,3,3,3,0,1,1.00E-12,13.5,0,1.00E+99,1.00E+99,1,1,0,0
x192,1664186899,1,0,1,0,0,1,0,0,0,0,1,2,1,0,0,0,0,0,1,1,0,3,2,0,0,0,1.00E-12,2.00E-06,0,1.00E+99,1.00E+99,1,1,0,0
x193,1664186899,1,0,1,0,0,1,0,0,0,0,1,2,1,0,0,0,0,0,1,1,0,3,2,0,0,0,1.00E-12,2.00E-06,0,1.00E+99,1.00E+99,1,1,0,1
x194,1664186899,1,0,1,0,0,1,0,0,0,0,1,2,1,0,0,0,0,0,1,1,0,3,0,5,0,1,1.00E-12,8.00E-06,0,1.00E+99,1.00E+99,1,1,0,0
x195,1664186899,1,0,1,0,0,1,0,0,0,0,10,11,1,0,0,0,0,0,1,1,0,3,5,2,0,1,1.00E-12,15,0,1.00E+99,1.00E+99,1,1,0,0
x196,1664186899,1,0,1,0,0,1,0,0,0,0,1,2,1,0,0,0,0,0,1,1,0,3,0,0,0,0,1.00E-12,1.00E-12,0,1.00E+99,1.00E+99,1,1,0,1
x197,1664186899,1,0,1,0,0,1,0,0,0,0,1,2,1,0,0,0,0,0,1,1,0,3,0,0,0,0,1.00E-12,1.00E-12,0,1.00E+99,1.00E+99,1,1,0,1
x198,1664186899,1,0,1,0,0,1,0,0,0,0,1,2,1,0,0,0,0,0,1,1,0,3,0,2,0,1,1.00E-12,3.00E-06,0,1.00E+99,1.00E+99,1,1,0,1
x199,1664186899,1,0,1,0,0,1,0,0,0,0,10,11,1,0,0,0,0,0,1,1,0,3,5,2,0,1,1.00E-12,15,0,1.00E+99,1.00E+99,1,1,0,1
x200,1664186899,1,0,1,0,0,1,0,0,0,0,1,2,1,0,0,0,0,0,1,1,0,3,0,0,0,0,1.00E-12,1.00E-12,0,1.00E+99,1.00E+99,1,1,0,1
x201,1664186899,1,0,1,0,0,1,0,0,0,0,1,2,1,0,0,0,0,0,1,1,0,3,0,29,0,26,1.00E-12,0.000319,0,1.00E+99,1.00E+99,1,1,0,0
x202,1664186899,1,0,3,1,1,0,0,0,0,1,0,0,1,0,0,0,0,1,1,1,0,3,0,0,0,0,1.00E-12,1.00E-12,0,1.00E+99,1.00E+99,1,1,0,1
x203,1664186899,1,0,1,0,0,1,0,0,0,0,1,2,1,0,0,0,0,0,1,1,0,3,0,0,0,0,1.00E-12,1.00E-12,0,1.00E+99,1.00E+99,1,1,0,1
x204,1664186899,1,0,1,0,0,1,0,0,0,0,1,2,1,0,0,0,0,0,1,1,0,3,0,0,0,0,1.00E-12,1.00E-12,0,1.00E+99,1.00E+99,1,1,0,1
x205,1664186899,1,0,1,0,0,1,0,0,0,0,1,2,1,0,0,0,0,0,1,1,0,3,0,0,0,0,1.00E-12,1.00E-12,0,1.00E+99,1.00E+99,1,1,0,1
x206,1664186899,1,0,1,0,0,1,0,0,0,0,1,2,1,0,0,0,0,0,1,1,0,3,0,5,0,1,1.00E-12,8.00E-06,0,1.00E+99,1.00E+99,1,1,0,0
x207,1664186899,1,0,1,0,0,1,0,0,0,0,10,11,1,0,0,0,0,0,1,1,0,3,5,2,0,1,1.00E-12,15,0,1.00E+99,1.00E+99,1,1,0,0
x208,1664186899,1,0,1,0,0,1,0,0,0,0,1,2,1,0,0,0,0,0,1,1,0,3,0,0,0,0,1.00E-12,1.00E-12,0,1.00E+99,1.00E+99,1,1,0,1
x209,1664186899,1,0,3,1,1,0,0,0,0,0,0,0,1,0,0,0,0,0,0,1,0,3,0,0,0,0,1.00E-12,1.00E-12,0,0,0,1.00E-12,1,1,0
x210,1664186899,1,0,3,1,1,0,0,0,0,0,0,0,1,0,0,0,0,0,0,1,0,3,0,0,0,0,1.00E-12,1.00E-12,0,0,0,1.00E-12,1,1,0
x211,1664186899,1,0,3,1,1,0,0,0,0,0,0,0,1,0,0,0,0,0,0,1,0,3,0,0,0,0,1.00E-12,1.00E-12,0,0,0,1.00E-12,1,1,0
x212,1664186899,1,0,3,1,1,0,0,0,0,0,0,0,1,0,0,0,0,0,0,1,0,3,0,0,0,0,1.00E-12,1.00E-12,0,0,0,1.00E-12,1,1,0
x213,1664186899,1,0,3,1,1,0,0,0,0,0,0,0,1,0,0,0,0,0,0,1,0,3,0,0,0,0,1.00E-12,1.00E-12,0,0,0,1.00E-12,1,1,0
x214,1664186899,1,0,3,1,1,0,0,0,0,0,0,0,1,0,0,0,0,0,0,1,0,3,0,0,0,0,1.00E-12,1.00E-12,0,0,0,1.00E-12,1,1,0
x215,1664186899,1,0,3,1,1,0,0,0,0,0,0,0,1,0,0,0,0,0,0,1,0,3,0,0,0,0,1.00E-12,1.00E-12,0,0,0,1.00E-12,1,1,0
x216,1664186899,1,0,3,1,1,0,0,0,0,0,0,0,1,0,0,0,0,0,0,1,0,3,0,0,0,0,1.00E-12,1.00E-12,0,0,0,1.00E-12,1,1,0
x217,1664186899,1,0,3,1,1,0,0,0,0,0,0,0,1,0,0,0,0,0,0,1,0,3,0,0,0,0,1.00E-12,1.00E-12,0,0,0,1.00E-12,1,1,0
x218,1664186899,1,0,3,1,1,0,0,0,0,0,0,0,1,0,0,0,0,0,0,1,0,3,0,0,0,0,1.00E-12,1.00E-12,0,0,0,1.00E-12,1,1,0
x219,1664186899,1,0,3,1,1,0,0,0,0,0,0,0,1,0,0,0,0,0,0,1,0,3,0,0,0,0,1.00E-12,1.00E-12,0,0,0,1.00E-12,1,1,0
x220,1664186899,1,0,3,1,1,0,0,0,0,0,0,0,1,0,0,0,0,0,0,1,0,3,0,0,0,0,1.00E-12,1.00E-12,0,0,0,1.00E-12,1,1,0
x221,1664186899,1,0,3,1,1,0,0,0,0,0,0,0,1,0,0,0,0,0,0,1,0,3,0,0,0,0,1.00E-12,1.00E-12,0,0,0,1.00E-12,1,1,0
x222,1664186899,1,0,3,1,1,0,0,0,0,0,0,0,1,0,0,0,0,0,0,1,0,3,0,0,0,0,1.00E-12,1.00E-12,0,0,0,1.00E-12,1,1,0
x223,1664186899,1,0,3,1,1,0,0,0,0,0,0,0,1,0,0,0,0,0,0,1,0,3,0,0,0,0,1.00E-12,1.00E-12,0,0,0,1.00E-12,1,1,0
x224,1664186899,1,0,3,1,1,0,0,0,0,0,0,0,1,0,0,0,0,0,0,1,0,3,0,0,0,0,1.00E-12,1.00E-12,0,0,0,1.00E-12,1,1,0
x225,1664186899,1,0,3,1,1,0,0,0,0,0,0,0,1,0,0,0,0,0,0,1,0,3,0,0,0,0,1.00E-12,1.00E-12,0,0,0,1.00E-12,1,1,0
x226,1664186899,1,0,3,1,1,0,0,0,0,0,0,0,1,0,0,0,0,0,0,1,0,3,0,0,0,0,1.00E-12,1.00E-12,0,0,0,1.00E-12,1,1,0
x227,1664186899,1,0,3,1,1,0,0,0,0,0,0,0,1,0,0,0,0,0,0,1,0,3,0,0,0,0,1.00E-12,1.00E-12,0,0,0,1.00E-12,1,1,0
x228,1664186899,1,0,3,1,1,0,0,0,0,0,0,0,1,0,0,0,0,0,0,1,0,3,0,0,0,0,1.00E-12,1.00E-12,0,0,0,1.00E-12,1,1,0
x229,1664186899,1,0,3,1,1,0,0,0,0,0,0,0,1,0,0,0,0,0,0,1,0,3,0,0,0,0,1.00E-12,1.00E-12,0,0,0,1.00E-12,1,1,0
x230,1664186899,1,0,3,1,1,0,0,0,0,0,0,0,1,0,0,0,0,0,0,1,0,3,0,0,0,0,1.00E-12,1.00E-12,0,0,0,1.00E-12,1,1,0
x231,1664186899,1,0,3,1,1,0,0,0,0,0,0,0,1,0,0,0,0,0,0,1,0,3,0,0,0,0,1.00E-12,1.00E-12,0,0,0,1.00E-12,1,1,0
x232,1664186899,1,0,3,1,1,0,0,0,0,0,0,0,1,0,0,0,0,0,0,1,0,3,0,0,0,0,1.00E-12,1.00E-12,0,0,0,1.00E-12,1,1,0
x233,1664186899,1,0,3,1,1,0,0,0,0,0,0,0,1,0,0,0,0,0,0,1,0,3,0,0,0,0,1.00E-12,1.00E-12,0,0,0,1.00E-12,1,1,0
x234,1664186899,1,0,3,1,1,0,0,0,0,0,0,0,1,0,0,0,0,0,0,1,0,3,0,0,0,0,1.00E-12,1.00E-12,0,0,0,1.00E-12,1,1,0
x235,1664186899,1,0,3,1,1,0,0,0,0,0,0,0,1,0,0,0,0,0,0,1,0,3,0,0,0,0,1.00E-12,1.00E-12,0,0,0,1.00E-12,1,1,0
x236,1664186899,1,0,3,1,1,0,0,0,0,0,0,0,1,0,0,0,0,0,0,1,0,3,0,0,0,0,1.00E-12,1.00E-12,0,0,0,1.00E-12,1,1,0
x237,1664186899,1,0,3,1,1,0,0,0,0,0,0,0,1,0,0,0,0,0,0,1,0,3,0,0,0,0,1.00E-12,1.00E-12,0,0,0,1.00E-12,1,1,0
x238,1664186899,1,0,3,1,1,0,0,0,0,0,0,0,1,0,0,0,0,0,0,1,0,3,0,0,0,0,1.00E-12,1.00E-12,0,0,0,1.00E-12,1,1,0
x239,1664186899,1,0,3,1,1,0,0,0,0,0,0,0,1,0,0,0,0,0,0,1,0,3,0,0,0,0,1.00E-12,1.00E-12,0,0,0,1.00E-12,1,1,0
x240,1664186899,1,0,3,1,1,0,0,0,0,0,0,0,1,0,0,0,0,0,0,1,0,3,0,0,0,0,1.00E-12,1.00E-12,0,0,0,1.00E-12,1,1,0
x241,1664186899,1,0,3,1,1,0,0,0,0,0,0,0,1,0,0,0,0,0,0,1,0,3,0,0,0,0,1.00E-12,1.00E-12,0,0,0,1.00E-12,1,1,0
x242,1664186899,1,0,3,1,1,0,0,0,0,0,0,0,1,0,0,0,0,0,0,1,0,3,0,0,0,0,1.00E-12,1.00E-12,0,0,0,1.00E-12,1,1,0
x243,1664186899,1,0,3,1,1,0,0,0,0,0,0,0,1,0,0,0,0,0,0,1,0,3,0,0,0,0,1.00E-12,1.00E-12,0,0,0,1.00E-12,1,1,0
x244,1664186899,1,0,3,1,1,0,0,0,0,0,0,0,1,0,0,0,0,0,0,1,0,3,0,0,0,0,1.00E-12,1.00E-12,0,0,0,1.00E-12,1,1,0
x245,1664186899,1,0,3,1,1,0,0,0,0,0,0,0,1,0,0,0,0,0,0,1,0,3,0,0,0,0,1.00E-12,1.00E-12,0,0,0,1.00E-12,1,1,0
x246,1664186899,1,0,3,1,1,0,0,0,0,0,0,0,1,0,0,0,0,0,0,1,0,3,0,0,0,0,1.00E-12,1.00E-12,0,0,0,1.00E-12,1,1,0
x247,1664186899,1,0,3,1,1,0,0,0,0,0,0,0,1,0,0,0,0,0,0,1,0,3,0,0,0,0,1.00E-12,1.00E-12,0,0,0,1.00E-12,1,1,0
x248,1664186899,1,0,3,1,1,0,0,0,0,0,0,0,1,0,0,0,0,0,0,1,0,3,0,0,0,0,1.00E-12,1.00E-12,0,0,0,1.00E-12,1,1,0
x249,1664186899,1,0,3,1,1,0,0,0,0,0,0,0,1,0,0,0,0,0,0,1,0,3,0,0,0,0,1.00E-12,1.00E-12,0,0,0,1.00E-12,1,1,0
x250,1664186899,1,0,3,1,1,0,0,0,0,0,0,0,1,0,0,0,0,0,0,1,0,3,0,0,0,0,1.00E-12,1.00E-12,0,0,0,1.00E-12,1,1,0
x251,1664186899,1,0,3,1,1,0,0,0,0,0,0,0,1,0,0,0,0,0,0,1,0,3,0,0,0,0,1.00E-12,1.00E-12,0,0,0,1.00E-12,1,1,0
x252,1664186899,1,0,3,1,1,0,0,0,0,0,0,0,1,0,0,0,0,0,0,1,0,3,0,0,0,0,1.00E-12,1.00E-12,0,0,0,1.00E-12,1,1,0
x253,1664186899,1,0,3,1,1,0,0,0,0,0,0,0,1,0,0,0,0,0,0,1,0,3,0,0,0,0,1.00E-12,1.00E-12,0,0,0,1.00E-12,1,1,0
x254,1664186899,1,0,1,0,0,1,0,0,0,0,7,8,1,0,0,0,0,0,1,1,0,3,4,0,0,0,1.00E-12,4.00E-06,0,1.00E+99,1.00E+99,1,1,0,1
x255,1664186899,1,0,1,0,0,1,0,0,0,0,1,2,1,0,0,0,0,0,1,1,0,3,2,0,0,0,1.00E-12,2.00E-06,0,1.00E+99,1.00E+99,1,1,0,1
x256,1664186899,1,0,1,0,0,1,0,0,0,0,1,2,1,0,0,0,0,0,1,1,0,3,2,0,0,0,1.00E-12,2.00E-06,0,1.00E+99,1.00E+99,1,1,0,1
x257,1664186899,1,0,1,0,0,1,0,0,0,0,1,2,1,0,0,0,0,0,1,1,0,3,2,0,0,0,1.00E-12,2.00E-06,0,1.00E+99,1.00E+99,1,1,0,1
x258,1664186899,1,0,1,0,0,1,0,0,0,0,7,8,1,0,0,0,0,0,1,1,0,3,4,0,0,0,1.00E-12,4.00E-06,0,1.00E+99,1.00E+99,1,1,0,1
x259,1664186899,1,0,1,0,0,1,0,0,0,0,1,2,1,0,0,0,0,0,1,1,0,3,2,0,0,0,1.00E-12,2.00E-06,0,1.00E+99,1.00E+99,1,1,0,1
x260,1664186899,1,0,1,0,0,1,0,0,0,0,1,2,1,0,0,0,0,0,1,1,0,3,2,0,0,0,1.00E-12,2.00E-06,0,1.00E+99,1.00E+99,1,1,0,1
x261,1664186899,1,0,1,0,0,1,0,0,0,0,7,8,1,0,0,0,0,0,1,1,0,3,6,0,1,0,1.00E-12,8.00E-06,0,1.00E+99,1.00E+99,1,1,0,1
x262,1664186899,1,0,1,0,0,1,0,0,0,0,1,2,1,0,0,0,0,0,1,1,0,3,5,0,1,0,1.00E-12,8.00E-06,0,1.00E+99,1.00E+99,1,1,0,1
x263,1664186899,1,0,1,0,0,1,0,0,0,0,1,2,1,0,0,0,0,0,1,1,0,3,2,0,0,0,1.00E-12,2.00E-06,0,1.00E+99,1.00E+99,1,1,0,1
x264,1664186899,1,0,1,0,0,1,0,0,0,0,1,2,1,0,0,0,0,0,1,1,0,3,1,0,0,0,1.00E-12,1.00E-06,0,1.00E+99,1.00E+99,1,1,0,1
x265,1664186899,1,0,1,0,0,1,0,0,0,0,1,2,1,0,0,0,0,0,1,1,0,3,2,0,0,0,1.00E-12,2.00E-06,0,1.00E+99,1.00E+99,1,1,0,1
x266,1664186899,1,0,3,1,1,0,0,0,0,1,0,0,1,0,0,0,0,1,1,1,0,3,0,0,0,0,1.00E-12,1.00E-12,0,1.00E+99,1.00E+99,1,1,0,1
x267,1664186899,1,0,1,0,0,1,0,0,0,0,1,2,1,0,0,0,0,0,1,1,0,3,28,0,24,1,1.00E-12,208,0,1.00E+99,1.00E+99,1,1,0,1
x268,1664186899,1,0,1,0,0,1,0,0,0,0,1,2,1,0,0,0,0,0,1,1,0,3,2,0,0,0,1.00E-12,2.00E-06,0,1.00E+99,1.00E+99,1,1,0,1
x269,1664186899,1,0,1,0,0,1,0,0,0,0,1,2,1,0,0,0,0,0,1,1,0,3,0,2,0,0,1.00E-12,2.00E-06,0,1.00E+99,1.00E+99,1,1,0,1
x270,1664186899,1,0,1,0,0,1,0,0,0,0,9,10,1,0,0,0,0,0,1,1,0,3,5,2,0,1,1.00E-12,15,0,1.00E+99,1.00E+99,1,1,0,1
x271,1664186899,1,0,1,0,0,1,0,0,0,0,1,2,1,0,0,0,0,0,1,1,0,3,0,0,0,0,1.00E-12,1.00E-12,0,1.00E+99,1.00E+99,1,1,0,1
x272,1664186899,1,0,1,0,0,1,0,0,0,0,1,2,1,0,0,0,0,0,1,1,0,3,0,0,0,0,1.00E-12,1.00E-12,0,1.00E+99,1.00E+99,1,1,0,1
x273,1664186899,1,0,1,0,0,1,0,0,0,0,1,2,1,0,0,0,0,0,1,1,0,3,0,0,0,0,1.00E-12,1.00E-12,0,1.00E+99,1.00E+99,1,1,0,1
x274,1664186899,1,0,1,0,0,1,0,0,0,0,9,10,1,0,0,0,0,0,1,1,0,3,5,2,0,1,1.00E-12,15,0,1.00E+99,1.00E+99,1,1,0,1
x275,1664186899,1,0,1,0,0,1,0,0,0,0,1,2,1,0,0,0,0,0,1,1,0,3,0,0,0,0,1.00E-12,1.00E-12,0,1.00E+99,1.00E+99,1,1,0,1
x276,1664186899,1,0,1,0,0,1,0,0,0,0,1,2,1,0,0,0,0,0,1,1,0,3,0,2,0,0,1.00E-12,2.00E-06,0,1.00E+99,1.00E+99,1,1,0,1
x277,1664186899,1,0,1,0,0,1,0,0,0,0,9,10,1,0,0,0,0,0,1,1,0,3,5,2,0,1,1.00E-12,15,0,1.00E+99,1.00E+99,1,1,0,1
x278,1664186899,1,0,1,0,0,1,0,0,0,0,1,2,1,0,0,0,0,0,1,1,0,3,0,0,0,0,1.00E-12,1.00E-12,0,1.00E+99,1.00E+99,1,1,0,1
x279,1664186899,1,0,1,0,0,1,0,0,0,0,1,2,1,0,0,0,0,0,1,1,0,3,0,0,0,0,1.00E-12,1.00E-12,0,1.00E+99,1.00E+99,1,1,0,1
x280,1664186899,1,0,1,0,0,1,0,0,0,0,1,2,1,0,0,0,0,0,1,1,0,3,0,0,0,0,1.00E-12,1.00E-12,0,1.00E+99,1.00E+99,1,1,0,1
x281,1664186899,1,0,1,0,0,1,0,0,0,0,1,2,1,0,0,0,0,0,1,1,0,3,0,28,0,25,1.00E-12,0.000364,0,1.00E+99,1.00E+99,1,1,0,0
x282,1664186899,1,0,3,1,1,0,0,0,0,1,0,0,1,0,0,0,0,1,1,1,0,3,0,0,0,0,1.00E-12,1.00E-12,0,1.00E+99,1.00E+99,1,1,0,1
x283,1664186899,1,0,1,0,0,1,0,0,0,0,1,2,1,0,0,0,0,0,1,1,0,3,0,0,0,0,1.00E-12,1.00E-12,0,1.00E+99,1.00E+99,1,1,0,1
x284,1664186899,1,0,3,1,1,0,0,0,0,0,0,0,1,0,0,0,0,0,0,1,0,3,0,0,0,0,1.00E-12,1.00E-12,0,0,0,1.00E-12,1,1,0
x285,1664186899,1,0,3,1,1,0,0,0,0,0,0,0,1,0,0,0,0,0,0,1,0,3,0,0,0,0,1.00E-12,1.00E-12,0,0,0,1.00E-12,1,1,0
x286,1664186899,1,0,3,1,1,0,0,0,0,0,0,0,1,0,0,0,0,0,0,1,0,3,0,0,0,0,1.00E-12,1.00E-12,0,0,0,1.00E-12,1,1,0
x287,1664186899,1,0,3,1,1,0,0,0,0,0,0,0,1,0,0,0,0,0,0,1,0,3,0,0,0,0,1.00E-12,1.00E-12,0,0,0,1.00E-12,1,1,0
x288,1664186899,1,0,3,1,1,0,0,0,0,0,0,0,1,0,0,0,0,0,0,1,0,3,0,0,0,0,1.00E-12,1.00E-12,0,0,0,1.00E-12,1,1,0
x289,1664186899,1,0,3,1,1,0,0,0,0,0,0,0,1,0,0,0,0,0,0,1,0,3,0,0,0,0,1.00E-12,1.00E-12,0,0,0,1.00E-12,1,1,0
x290,1664186899,1,0,3,1,1,0,0,0,0,0,0,0,1,0,0,0,0,0,0,1,0,3,0,0,0,0,1.00E-12,1.00E-12,0,0,0,1.00E-12,1,1,0
x291,1664186899,1,0,3,1,1,0,0,0,0,0,0,0,1,0,0,0,0,0,0,1,0,3,0,0,0,0,1.00E-12,1.00E-12,0,0,0,1.00E-12,1,1,0
x292,1664186899,1,0,3,1,1,0,0,0,0,0,0,0,1,0,0,0,0,0,0,1,0,3,0,0,0,0,1.00E-12,1.00E-12,0,0,0,1.00E-12,1,1,0
x293,1664186899,1,0,3,1,1,0,0,0,0,0,0,0,1,0,0,0,0,0,0,1,0,3,0,0,0,0,1.00E-12,1.00E-12,0,0,0,1.00E-12,1,1,0
x294,1664186899,1,0,3,1,1,0,0,0,0,0,0,0,1,0,0,0,0,0,0,1,0,3,0,0,0,0,1.00E-12,1.00E-12,0,0,0,1.00E-12,1,1,0
x295,1664186899,1,0,3,1,1,0,0,0,0,0,0,0,1,0,0,0,0,0,0,1,0,3,0,0,0,0,1.00E-12,1.00E-12,0,0,0,1.00E-12,1,1,0
x296,1664186899,1,0,3,1,1,0,0,0,0,0,0,0,1,0,0,0,0,0,0,1,0,3,0,0,0,0,1.00E-12,1.00E-12,0,0,0,1.00E-12,1,1,0
x297,1664186899,1,0,3,1,1,0,0,0,0,0,0,0,1,0,0,0,0,0,0,1,0,3,0,0,0,0,1.00E-12,1.00E-12,0,0,0,1.00E-12,1,1,0
x298,1664186899,1,0,3,1,1,0,0,0,0,0,0,0,1,0,0,0,0,0,0,1,0,3,0,0,0,0,1.00E-12,1.00E-12,0,0,0,1.00E-12,1,1,0
x299,1664186899,1,0,3,1,1,0,0,0,0,0,0,0,1,0,0,0,0,0,0,1,0,3,0,0,0,0,1.00E-12,1.00E-12,0,1.00E+99,1.00E+99,1,1,0,0
x300,1664186899,1,0,1,0,0,1,0,0,0,0,2,1,1,0,0,0,0,0,1,1,0,3,0,1,1,0,1.00E-12,1,0,1.00E+99,1.00E+99,1,1,0,0
x301,1664186899,1,0,1,0,0,1,0,0,0,0,2,1,1,0,0,0,0,0,1,1,0,3,0,1,0,0,1.00E-12,1.00E-06,0,1.00E+99,1.00E+99,1,1,0,1
x302,1664186899,1,0,1,0,0,1,0,0,0,0,2,1,1,0,0,0,0,0,1,1,0,3,0,1,0,0,1.00E-12,1.00E-06,0,1.00E+99,1.00E+99,1,1,0,1
x303,1664186899,1,0,1,0,0,1,0,0,0,0,3,2,1,0,0,0,0,0,1,1,0,3,0,3,0,1,1.00E-12,5.00E-06,0,1.00E+99,1.00E+99,1,1,0,1
x304,1664186899,1,0,1,0,0,1,0,0,0,0,2,1,1,0,0,0,0,0,1,1,0,3,0,1,0,0,1.00E-12,1.00E-06,0,1.00E+99,1.00E+99,1,1,0,1
x305,1664186899,1,0,1,0,0,1,0,0,0,0,2,1,1,0,0,0,0,0,1,1,0,3,0,1,0,0,1.00E-12,1.00E-06,0,1.00E+99,1.00E+99,1,1,0,1
x306,1664186899,1,0,1,0,0,1,0,0,0,0,3,2,1,0,0,0,0,0,1,1,0,3,0,3,0,1,1.00E-12,5.00E-06,0,1.00E+99,1.00E+99,1,1,0,1
x307,1664186899,1,0,1,0,0,1,0,0,0,0,2,1,1,0,0,0,0,0,1,1,0,3,0,3,0,1,1.00E-12,5.00E-06,0,1.00E+99,1.00E+99,1,1,0,1
x308,1664186899,1,0,1,0,0,1,0,0,0,0,2,1,1,0,0,0,0,0,1,1,0,3,0,1,0,0,1.00E-12,1.00E-06,0,1.00E+99,1.00E+99,1,1,0,1
x309,1664186899,1,0,1,0,0,1,0,0,0,0,2,1,1,0,0,0,0,0,1,1,0,3,0,1,0,0,1.00E-12,1.00E-06,0,1.00E+99,1.00E+99,1,1,0,1
x310,1664186899,1,0,1,0,0,1,0,0,0,0,2,1,1,0,0,0,0,0,1,1,0,3,0,1,0,0,1.00E-12,1.00E-06,0,1.00E+99,1.00E+99,1,1,0,1
x311,1664186899,1,0,1,0,0,1,0,0,0,0,3,2,1,0,0,0,0,0,1,1,0,3,0,3,0,1,1.00E-12,5.00E-06,0,1.00E+99,1.00E+99,1,1,0,0
x312,1664186899,1,0,1,0,0,1,0,0,0,0,2,1,1,0,0,0,0,0,1,1,0,3,0,2,0,1,1.00E-12,3.00E-06,0,1.00E+99,1.00E+99,1,1,0,0
x313,1664186899,1,0,1,0,0,1,0,0,0,0,2,1,1,0,0,0,0,0,1,1,0,3,0,1,0,0,1.00E-12,1.00E-06,0,1.00E+99,1.00E+99,1,1,0,1
x314,1664186899,1,0,1,0,0,1,0,0,0,0,2,1,1,0,0,0,0,0,1,1,0,3,0,28,1,24,1.00E-12,254.5,0,1.00E+99,1.00E+99,1,1,0,0
x315,1664186899,1,0,3,1,1,0,0,0,0,0,0,0,1,0,0,0,0,0,0,1,0,3,0,0,0,0,1.00E-12,1.00E-12,0,1.00E+99,1.00E+99,1,1,0,0
x316,1664186899,1,0,1,0,0,1,0,0,0,0,2,1,1,0,0,0,0,0,1,1,0,3,0,2,0,0,1.00E-12,2.00E-06,0,1.00E+99,1.00E+99,1,1,0,1
x317,1664186899,1,0,1,0,0,1,0,0,0,0,2,1,1,0,0,0,0,0,1,1,0,3,0,2,0,0,1.00E-12,2.00E-06,0,1.00E+99,1.00E+99,1,1,0,1
x318,1664186899,1,0,1,0,0,1,0,0,0,0,2,1,1,0,0,0,0,0,1,1,0,3,0,5,0,1,1.00E-12,8.00E-06,0,1.00E+99,1.00E+99,1,1,0,1
x319,1664186899,1,0,1,0,0,1,0,0,0,0,3,2,1,0,0,0,0,0,1,1,0,3,0,2,0,0,1.00E-12,2.00E-06,0,1.00E+99,1.00E+99,1,1,0,1
x320,1664186899,1,0,1,0,0,1,0,0,0,0,2,1,1,0,0,0,0,0,1,1,0,3,0,4,0,1,1.00E-12,5.00E-06,0,1.00E+99,1.00E+99,1,1,0,1
x321,1664186899,1,0,1,0,0,1,0,0,0,0,2,1,1,0,0,0,0,0,1,1,0,3,0,7,0,3,1.00E-12,1.10E-05,0,1.00E+99,1.00E+99,1,1,0,0
x322,1664186899,1,0,1,0,0,1,0,0,0,0,3,2,1,0,0,0,0,0,1,1,0,3,0,5,0,1,1.00E-12,8.00E-06,0,1.00E+99,1.00E+99,1,1,0,1
x323,1664186899,1,0,1,0,0,1,0,0,0,0,2,1,1,0,0,0,0,0,1,1,0,3,0,2,0,0,1.00E-12,2.00E-06,0,1.00E+99,1.00E+99,1,1,0,1
x324,1664186899,1,0,1,0,0,1,0,0,0,0,2,1,1,0,0,0,0,0,1,1,0,3,0,2,0,0,1.00E-12,2.00E-06,0,1.00E+99,1.00E+99,1,1,0,1
x325,1664186899,1,0,1,0,0,1,0,0,0,0,2,1,1,0,0,0,0,0,1,1,0,3,0,4,0,1,1.00E-12,5.00E-06,0,1.00E+99,1.00E+99,1,1,0,1
x326,1664186899,1,0,1,0,0,1,0,0,0,0,2,1,1,0,0,0,0,0,1,1,0,3,0,5,0,1,1.00E-12,8.00E-06,0,1.00E+99,1.00E+99,1,1,0,0
x327,1664186899,1,0,1,0,0,1,0,0,0,0,3,2,1,0,0,0,0,0,1,1,0,3,0,5,0,1,1.00E-12,8.00E-06,0,1.00E+99,1.00E+99,1,1,0,0
x328,1664186899,1,0,1,0,0,1,0,0,0,0,2,1,1,0,0,0,0,0,1,1,0,3,0,2,0,0,1.00E-12,2.00E-06,0,1.00E+99,1.00E+99,1,1,0,1
x329,1664186899,1,0,3,1,1,0,0,0,0,1,0,0,1,0,0,0,0,1,1,1,0,3,0,0,0,0,1.00E-12,1.00E-12,1,0,0,1.00E-12,1,1,1
x330,1664186899,1,0,3,1,1,0,0,0,0,1,0,0,1,0,0,0,0,1,1,1,0,3,0,0,0,0,1.00E-12,1.00E-12,1,0,0,1.00E-12,1,1,1
x331,1664186899,1,0,3,1,1,0,0,0,0,1,0,0,1,0,0,0,0,1,1,1,0,3,0,0,0,0,1.00E-12,1.00E-12,1,0,0,1.00E-12,1,1,1
x332,1664186899,1,0,3,1,1,0,0,0,0,1,0,0,1,0,0,0,0,1,1,1,0,3,0,0,0,0,1.00E-12,1.00E-12,1,0,0,1.00E-12,1,1,1
x333,1664186899,1,0,3,1,1,0,0,0,0,1,0,0,1,0,0,0,0,1,1,1,0,3,0,0,0,0,1.00E-12,1.00E-12,1,0,0,1.00E-12,1,1,1
x334,1664186899,1,0,3,1,1,0,0,0,0,1,0,0,1,0,0,0,0,1,1,1,0,3,0,0,0,0,1.00E-12,1.00E-12,1,0,0,1.00E-12,1,1,1
x335,1664186899,1,0,3,1,1,0,0,0,0,1,0,0,1,0,0,0,0,1,1,1,0,3,0,0,0,0,1.00E-12,1.00E-12,1,0,0,1.00E-12,1,1,1
x336,1664186899,1,0,3,1,1,0,0,0,0,1,0,0,1,0,0,0,0,1,1,1,0,3,0,0,0,0,1.00E-12,1.00E-12,1,0,0,1.00E-12,1,1,1
x337,1664186899,1,0,3,1,1,0,0,0,0,1,0,0,1,0,0,0,0,1,1,1,0,3,0,0,0,0,1.00E-12,1.00E-12,1,0,0,1.00E-12,1,1,1
x338,1664186899,1,0,3,1,1,0,0,0,0,1,0,0,1,0,0,0,0,1,1,1,0,3,0,0,0,0,1.00E-12,1.00E-12,1,0,0,1.00E-12,1,1,1
x339,1664186899,1,0,3,1,1,0,0,0,0,1,0,0,1,0,0,0,0,1,1,1,0,3,0,0,0,0,1.00E-12,1.00E-12,1,0,0,1.00E-12,1,1,1
x340,1664186899,1,0,3,1,1,0,0,0,0,1,0,0,1,0,0,0,0,1,1,1,0,3,0,0,0,0,1.00E-12,1.00E-12,1,0,0,1.00E-12,1,1,1
x341,1664186899,1,0,3,1,1,0,0,0,0,1,0,0,1,0,0,0,0,1,1,1,0,3,0,0,0,0,1.00E-12,1.00E-12,1,0,0,1.00E-12,1,1,1
x342,1664186899,1,0,3,1,1,0,0,0,0,1,0,0,1,0,0,0,0,1,1,1,0,3,0,0,0,0,1.00E-12,1.00E-12,1,0,0,1.00E-12,1,1,1
x343,1664186899,1,0,3,1,1,0,0,0,0,1,0,0,1,0,0,0,0,1,1,1,0,3,0,0,0,0,1.00E-12,1.00E-12,1,0,0,1.00E-12,1,1,1
x344,1664186899,1,0,3,1,1,0,0,0,0,1,0,0,1,0,0,0,0,1,1,1,0,3,0,0,0,0,1.00E-12,1.00E-12,1,0,0,1.00E-12,1,1,1
x345,1664186899,1,0,3,1,1,0,0,0,0,1,0,0,1,0,0,0,0,1,1,1,0,3,0,0,0,0,1.00E-12,1.00E-12,1,0,0,1.00E-12,1,1,1
x346,1664186899,1,0,3,1,1,0,0,0,0,1,0,0,1,0,0,0,0,1,1,1,0,3,0,0,0,0,1.00E-12,1.00E-12,1,0,0,1.00E-12,1,1,1
x347,1664186899,1,0,3,1,1,0,0,0,0,1,0,0,1,0,0,0,0,1,1,1,0,3,0,0,0,0,1.00E-12,1.00E-12,1,0,0,1.00E-12,1,1,1
x348,1664186899,1,0,3,1,1,0,0,0,0,1,0,0,1,0,0,0,0,1,1,1,0,3,0,0,0,0,1.00E-12,1.00E-12,1,0,0,1.00E-12,1,1,1
x349,1664186899,1,0,3,1,1,0,0,0,0,1,0,0,1,0,0,0,0,1,1,1,0,3,0,0,0,0,1.00E-12,1.00E-12,1,0,0,1.00E-12,1,1,1
x350,1664186899,1,0,3,1,1,0,0,0,0,1,0,0,1,0,0,0,0,1,1,1,0,3,0,0,0,0,1.00E-12,1.00E-12,1,0,0,1.00E-12,1,1,1
x351,1664186899,1,0,3,1,1,0,0,0,0,1,0,0,1,0,0,0,0,1,1,1,0,3,0,0,0,0,1.00E-12,1.00E-12,1,0,0,1.00E-12,1,1,1
x352,1664186899,1,0,3,1,1,0,0,0,0,1,0,0,1,0,0,0,0,1,1,1,0,3,0,0,0,0,1.00E-12,1.00E-12,1,0,0,1.00E-12,1,1,1
x353,1664186899,1,0,3,1,1,0,0,0,0,1,0,0,1,0,0,0,0,1,1,1,0,3,0,0,0,0,1.00E-12,1.00E-12,1,0,0,1.00E-12,1,1,1
x354,1664186899,1,0,3,1,1,0,0,0,0,1,0,0,1,0,0,0,0,1,1,1,0,3,0,0,0,0,1.00E-12,1.00E-12,1,0,0,1.00E-12,1,1,1
x355,1664186899,1,0,3,1,1,0,0,0,0,1,0,0,1,0,0,0,0,1,1,1,0,3,0,0,0,0,1.00E-12,1.00E-12,1,0,0,1.00E-12,1,1,1
x356,1664186899,1,0,3,1,1,0,0,0,0,1,0,0,1,0,0,0,0,1,1,1,0,3,0,0,0,0,1.00E-12,1.00E-12,1,0,0,1.00E-12,1,1,1
x357,1664186899,1,0,3,1,1,0,0,0,0,1,0,0,1,0,0,0,0,1,1,1,0,3,0,0,0,0,1.00E-12,1.00E-12,1,0,0,1.00E-12,1,1,1
x358,1664186899,1,0,3,1,1,0,0,0,0,1,0,0,1,0,0,0,0,1,1,1,0,3,0,0,0,0,1.00E-12,1.00E-12,1,0,0,1.00E-12,1,1,1
x359,1664186899,1,0,1,0,0,1,0,0,0,0,3,2,1,0,0,0,0,0,1,1,0,3,0,3,0,1,1.00E-12,5.00E-06,0,1.00E+99,1.00E+99,1,1,0,0
x360,1664186899,1,0,1,0,0,1,0,0,0,0,2,1,1,0,0,0,0,0,1,1,0,3,0,3,0,1,1.00E-12,5.00E-06,0,1.00E+99,1.00E+99,1,1,0,0
x361,1664186899,1,0,1,0,0,1,0,0,0,0,2,1,1,0,0,0,0,0,1,1,0,3,0,1,0,0,1.00E-12,1.00E-06,0,1.00E+99,1.00E+99,1,1,0,0
x362,1664186899,1,0,1,0,0,1,0,0,0,0,2,1,1,0,0,0,0,0,1,1,0,3,0,1,0,0,1.00E-12,1.00E-06,0,1.00E+99,1.00E+99,1,1,0,0
x363,1664186899,1,0,3,1,1,0,0,0,0,0,0,0,1,0,0,0,0,0,0,1,0,3,0,0,0,0,1.00E-12,1.00E-12,0,1.00E+99,1.00E+99,1,1,0,0
x364,1664186899,1,0,1,0,0,1,0,0,0,0,2,1,1,0,0,0,0,0,1,1,0,3,0,2,1,1,1.00E-12,3,0,1.00E+99,1.00E+99,1,1,0,0
x365,1664186899,1,0,1,0,0,1,0,0,0,0,2,1,1,0,0,0,0,0,1,1,0,3,0,3,0,1,1.00E-12,5.00E-06,0,1.00E+99,1.00E+99,1,1,0,0
x366,1664186899,1,0,1,0,0,1,0,0,0,0,3,2,1,0,0,0,0,0,1,1,0,3,0,3,0,1,1.00E-12,5.00E-06,0,1.00E+99,1.00E+99,1,1,0,0
x367,1664186899,1,0,1,0,0,1,0,0,0,0,2,1,1,0,0,0,0,0,1,1,0,3,0,3,0,1,1.00E-12,5.00E-06,0,1.00E+99,1.00E+99,1,1,0,0
x368,1664186899,1,0,1,0,0,1,0,0,0,0,2,1,1,0,0,0,0,0,1,1,0,3,0,1,0,0,1.00E-12,1.00E-06,0,1.00E+99,1.00E+99,1,1,0,0
x369,1664186899,1,0,1,0,0,1,0,0,0,0,2,1,1,0,0,0,0,0,1,1,0,3,0,1,0,0,1.00E-12,1.00E-06,0,1.00E+99,1.00E+99,1,1,0,0
x370,1664186899,1,0,1,0,0,1,0,0,0,0,2,1,1,0,0,0,0,0,1,1,0,3,0,3,0,1,1.00E-12,5.00E-06,0,1.00E+99,1.00E+99,1,1,0,0
x371,1664186899,1,0,1,0,0,1,0,0,0,0,3,2,1,0,0,0,0,0,1,1,0,3,0,3,0,1,1.00E-12,5.00E-06,0,1.00E+99,1.00E+99,1,1,0,0
x372,1664186899,1,0,1,0,0,1,0,0,0,0,2,1,1,0,0,0,0,0,1,1,0,3,0,3,0,1,1.00E-12,5.00E-06,0,1.00E+99,1.00E+99,1,1,0,0
x373,1664186899,1,0,1,0,0,1,0,0,0,0,2,1,1,0,0,0,0,0,1,1,0,3,0,1,0,0,1.00E-12,1.00E-06,0,1.00E+99,1.00E+99,1,1,0,0
x374,1664186899,1,0,1,0,0,1,0,0,0,0,2,1,1,0,0,0,0,0,1,1,0,3,0,5,0,1,1.00E-12,8.00E-06,0,1.00E+99,1.00E+99,1,1,0,0
x375,1664186899,1,0,1,0,0,1,0,0,0,0,3,2,1,0,0,0,0,0,1,1,0,3,0,2,0,0,1.00E-12,2.00E-06,0,1.00E+99,1.00E+99,1,1,0,0
x376,1664186899,1,0,1,0,0,1,0,0,0,0,2,1,1,0,0,0,0,0,1,1,0,3,0,2,0,0,1.00E-12,2.00E-06,0,1.00E+99,1.00E+99,1,1,0,0
x377,1664186899,1,0,1,0,0,1,0,0,0,0,2,1,1,0,0,0,0,0,1,1,0,3,0,2,0,0,1.00E-12,2.00E-06,0,1.00E+99,1.00E+99,1,1,0,0
x378,1664186899,1,0,1,0,0,1,0,0,0,0,2,1,1,0,0,0,0,0,1,1,0,3,0,28,1,24,1.00E-12,247,0,1.00E+99,1.00E+99,1,1,0,0
x379,1664186899,1,0,3,1,1,0,0,0,0,0,0,0,1,0,0,0,0,0,0,1,0,3,0,0,0,0,1.00E-12,1.00E-12,0,1.00E+99,1.00E+99,1,1,0,0
x380,1664186899,1,0,1,0,0,1,0,0,0,0,2,1,1,0,0,0,0,0,1,1,0,3,0,2,0,0,1.00E-12,2.00E-06,0,1.00E+99,1.00E+99,1,1,0,0
x381,1664186899,1,0,1,0,0,1,0,0,0,0,2,1,1,0,0,0,0,0,1,1,0,3,0,6,0,2,1.00E-12,1.10E-05,0,1.00E+99,1.00E+99,1,1,0,0
x382,1664186899,1,0,1,0,0,1,0,0,0,0,3,2,1,0,0,0,0,0,1,1,0,3,0,5,0,1,1.00E-12,8.00E-06,0,1.00E+99,1.00E+99,1,1,0,0
x383,1664186899,1,0,1,0,0,1,0,0,0,0,2,1,1,0,0,0,0,0,1,1,0,3,0,2,0,0,1.00E-12,2.00E-06,0,1.00E+99,1.00E+99,1,1,0,0
x384,1664186899,1,0,1,0,0,1,0,0,0,0,2,1,1,0,0,0,0,0,1,1,0,3,0,2,0,0,1.00E-12,2.00E-06,0,1.00E+99,1.00E+99,1,1,0,0
x385,1664186899,1,0,1,0,0,1,0,0,0,0,2,1,1,0,0,0,0,0,1,1,0,3,0,2,0,0,1.00E-12,2.00E-06,0,1.00E+99,1.00E+99,1,1,0,0
x386,1664186899,1,0,1,0,0,1,0,0,0,0,2,1,1,0,0,0,0,0,1,1,0,3,0,5,0,1,1.00E-12,8.00E-06,0,1.00E+99,1.00E+99,1,1,0,0
x387,1664186899,1,0,1,0,0,1,0,0,0,0,3,2,1,0,0,0,0,0,1,1,0,3,0,5,0,1,1.00E-12,8.00E-06,0,1.00E+99,1.00E+99,1,1,0,0
x388,1664186899,1,0,1,0,0,1,0,0,0,0,2,1,1,0,0,0,0,0,1,1,0,3,0,2,0,0,1.00E-12,2.00E-06,0,1.00E+99,1.00E+99,1,1,0,0
x389,1664186899,1,0,3,1,1,0,0,0,0,1,0,0,1,0,0,0,0,1,1,1,0,3,0,0,0,0,1.00E-12,1.00E-12,1,0,0,1.00E-12,1,1,1
x390,1664186899,1,0,3,1,1,0,0,0,0,1,0,0,1,0,0,0,0,1,1,1,0,3,0,0,0,0,1.00E-12,1.00E-12,1,0,0,1.00E-12,1,1,1
x391,1664186899,1,0,3,1,1,0,0,0,0,1,0,0,1,0,0,0,0,1,1,1,0,3,0,0,0,0,1.00E-12,1.00E-12,1,0,0,1.00E-12,1,1,1
x392,1664186899,1,0,3,1,1,0,0,0,0,1,0,0,1,0,0,0,0,1,1,1,0,3,0,0,0,0,1.00E-12,1.00E-12,1,0,0,1.00E-12,1,1,1
x393,1664186899,1,0,3,1,1,0,0,0,0,1,0,0,1,0,0,0,0,1,1,1,0,3,0,0,0,0,1.00E-12,1.00E-12,1,0,0,1.00E-12,1,1,1
x394,1664186899,1,0,3,1,1,0,0,0,0,1,0,0,1,0,0,0,0,1,1,1,0,3,0,0,0,0,1.00E-12,1.00E-12,1,0,0,1.00E-12,1,1,1
x395,1664186899,1,0,3,1,1,0,0,0,0,1,0,0,1,0,0,0,0,1,1,1,0,3,0,0,0,0,1.00E-12,1.00E-12,1,0,0,1.00E-12,1,1,1
x396,1664186899,1,0,3,1,1,0,0,0,0,1,0,0,1,0,0,0,0,1,1,1,0,3,0,0,0,0,1.00E-12,1.00E-12,1,0,0,1.00E-12,1,1,1
x397,1664186899,1,0,3,1,1,0,0,0,0,1,0,0,1,0,0,0,0,1,1,1,0,3,0,0,0,0,1.00E-12,1.00E-12,1,0,0,1.00E-12,1,1,1
x398,1664186899,1,0,3,1,1,0,0,0,0,1,0,0,1,0,0,0,0,1,1,1,0,3,0,0,0,0,1.00E-12,1.00E-12,1,0,0,1.00E-12,1,1,1
x399,1664186899,1,0,3,1,1,0,0,0,0,1,0,0,1,0,0,0,0,1,1,1,0,3,0,0,0,0,1.00E-12,1.00E-12,1,0,0,1.00E-12,1,1,1
x400,1664186899,1,0,3,1,1,0,0,0,0,1,0,0,1,0,0,0,0,1,1,1,0,3,0,0,0,0,1.00E-12,1.00E-12,1,0,0,1.00E-12,1,1,1
x401,1664186899,1,0,3,1,1,0,0,0,0,1,0,0,1,0,0,0,0,1,1,1,0,3,0,0,0,0,1.00E-12,1.00E-12,1,0,0,1.00E-12,1,1,1
x402,1664186899,1,0,3,1,1,0,0,0,0,1,0,0,1,0,0,0,0,1,1,1,0,3,0,0,0,0,1.00E-12,1.00E-12,1,0,0,1.00E-12,1,1,1
x403,1664186899,1,0,3,1,1,0,0,0,0,1,0,0,1,0,0,0,0,1,1,1,0,3,0,0,0,0,1.00E-12,1.00E-12,1,0,0,1.00E-12,1,1,1
x404,1664186899,1,0,1,0,0,1,0,0,0,0,3,2,1,0,0,0,0,0,1,1,0,3,0,3,0,1,1.00E-12,5.00E-06,0,1.00E+99,1.00E+99,1,1,0,0
x405,1664186899,1,0,1,0,0,1,0,0,0,0,2,1,1,0,0,0,0,0,1,1,0,3,0,3,0,1,1.00E-12,5.00E-06,0,1.00E+99,1.00E+99,1,1,0,0
x406,1664186899,1,0,1,0,0,1,0,0,0,0,2,1,1,0,0,0,0,0,1,1,0,3,0,2,0,1,1.00E-12,3.00E-06,0,1.00E+99,1.00E+99,1,1,0,1
x407,1664186899,1,0,1,0,0,1,0,0,0,0,2,1,1,0,0,0,0,0,1,1,0,3,0,2,0,1,1.00E-12,3.00E-06,0,1.00E+99,1.00E+99,1,1,0,1
x408,1664186899,1,0,1,0,0,1,0,0,0,0,3,2,1,0,0,0,0,0,1,1,0,3,0,4,0,2,1.00E-12,6.00E-06,0,1.00E+99,1.00E+99,1,1,0,1
x409,1664186899,1,0,1,0,0,1,0,0,0,0,2,1,1,0,0,0,0,0,1,1,0,3,0,3,0,1,1.00E-12,5.00E-06,0,1.00E+99,1.00E+99,1,1,0,1
x410,1664186899,1,0,1,0,0,1,0,0,0,0,2,1,1,0,0,0,0,0,1,1,0,3,0,3,0,1,1.00E-12,5.00E-06,0,1.00E+99,1.00E+99,1,1,0,1
x411,1664186899,1,0,3,1,1,0,0,0,0,0,0,0,1,0,0,0,0,0,0,1,0,3,0,0,0,0,1.00E-12,1.00E-12,0,1.00E+99,1.00E+99,1,1,0,0
x412,1664186899,1,0,1,0,0,1,0,0,0,0,2,1,1,0,0,0,0,0,1,1,0,3,0,4,1,2,1.00E-12,6.5,0,1.00E+99,1.00E+99,1,1,0,0
x413,1664186899,1,0,1,0,0,1,0,0,0,0,2,1,1,0,0,0,0,0,1,1,0,3,0,3,0,1,1.00E-12,5.00E-06,0,1.00E+99,1.00E+99,1,1,0,1
x414,1664186899,1,0,1,0,0,1,0,0,0,0,2,1,1,0,0,0,0,0,1,1,0,3,0,2,0,1,1.00E-12,3.00E-06,0,1.00E+99,1.00E+99,1,1,0,1
x415,1664186899,1,0,1,0,0,1,0,0,0,0,2,1,1,0,0,0,0,0,1,1,0,3,0,3,0,1,1.00E-12,5.00E-06,0,1.00E+99,1.00E+99,1,1,0,1
x416,1664186899,1,0,1,0,0,1,0,0,0,0,3,2,1,0,0,0,0,0,1,1,0,3,0,4,0,2,1.00E-12,6.00E-06,0,1.00E+99,1.00E+99,1,1,0,0
x417,1664186899,1,0,1,0,0,1,0,0,0,0,2,1,1,0,0,0,0,0,1,1,0,3,0,3,0,1,1.00E-12,5.00E-06,0,1.00E+99,1.00E+99,1,1,0,0
x418,1664186899,1,0,1,0,0,1,0,0,0,0,2,1,1,0,0,0,0,0,1,1,0,3,1,0,0,0,1.00E-12,1.00E-06,0,1.00E+99,1.00E+99,1,1,0,1
x419,1664186899,1,0,1,0,0,1,0,0,0,0,2,1,1,0,0,0,0,0,1,1,0,3,0,7,0,3,1.00E-12,1.50E-05,0,1.00E+99,1.00E+99,1,1,0,0
x420,1664186899,1,0,1,0,0,1,0,0,0,0,3,2,1,0,0,0,0,0,1,1,0,3,0,6,0,2,1.00E-12,8.00E-06,0,1.00E+99,1.00E+99,1,1,0,0
x421,1664186899,1,0,1,0,0,1,0,0,0,0,2,1,1,0,0,0,0,0,1,1,0,3,0,5,0,1,1.00E-12,8.00E-06,0,1.00E+99,1.00E+99,1,1,0,1
x422,1664186899,1,0,1,0,0,1,0,0,0,0,2,1,1,0,0,0,0,0,1,1,0,3,0,5,0,1,1.00E-12,8.00E-06,0,1.00E+99,1.00E+99,1,1,0,1
x423,1664186899,1,0,1,0,0,1,0,0,0,0,2,1,1,0,0,0,0,0,1,1,0,3,0,7,0,3,1.00E-12,1.50E-05,0,1.00E+99,1.00E+99,1,1,0,0
x424,1664186899,1,0,1,0,0,1,0,0,0,0,3,2,1,0,0,0,0,0,1,1,0,3,0,5,0,1,1.00E-12,8.00E-06,0,1.00E+99,1.00E+99,1,1,0,1
x425,1664186899,1,0,1,0,0,1,0,0,0,0,2,1,1,0,0,0,0,0,1,1,0,3,0,6,0,2,1.00E-12,8.00E-06,0,1.00E+99,1.00E+99,1,1,0,0
x426,1664186899,1,0,1,0,0,1,0,0,0,0,2,1,1,0,0,0,0,0,1,1,0,3,0,40,1,36,1.00E-12,400,0,1.00E+99,1.00E+99,1,1,0,0
x427,1664186899,1,0,3,1,1,0,0,0,0,0,0,0,1,0,0,0,0,0,0,1,0,3,0,0,0,0,1.00E-12,1.00E-12,0,1.00E+99,1.00E+99,1,1,0,0
x428,1664186899,1,0,1,0,0,1,0,0,0,0,2,1,1,0,0,0,0,0,1,1,0,3,0,5,0,1,1.00E-12,8.00E-06,0,1.00E+99,1.00E+99,1,1,0,1
x429,1664186899,1,0,1,0,0,1,0,0,0,0,2,1,1,0,0,0,0,0,1,1,0,3,0,5,0,1,1.00E-12,8.00E-06,0,1.00E+99,1.00E+99,1,1,0,1
x430,1664186899,1,0,1,0,0,1,0,0,0,0,2,1,1,0,0,0,0,0,1,1,0,3,0,6,0,2,1.00E-12,8.00E-06,0,1.00E+99,1.00E+99,1,1,0,0
x431,1664186899,1,0,1,0,0,1,0,0,0,0,2,1,1,0,0,0,0,0,1,1,0,3,0,7,0,3,1.00E-12,1.50E-05,0,1.00E+99,1.00E+99,1,1,0,0
x432,1664186899,1,0,1,0,0,1,0,0,0,0,3,2,1,0,0,0,0,0,1,1,0,3,0,7,0,3,1.00E-12,1.50E-05,0,1.00E+99,1.00E+99,1,1,0,0
x433,1664186899,1,0,1,0,0,1,0,0,0,0,2,1,1,0,0,0,0,0,1,1,0,3,0,5,0,1,1.00E-12,8.00E-06,0,1.00E+99,1.00E+99,1,1,0,1
x434,1664186899,1,0,3,1,1,0,0,0,0,1,0,0,1,0,0,0,0,1,1,1,0,3,0,0,0,0,1.00E-12,1.00E-12,1,0,0,1.00E-12,1,1,1
x435,1664186899,1,0,3,1,1,0,0,0,0,1,0,0,1,0,0,0,0,1,1,1,0,3,0,0,0,0,1.00E-12,1.00E-12,1,0,0,1.00E-12,1,1,1
x436,1664186899,1,0,3,1,1,0,0,0,0,1,0,0,1,0,0,0,0,1,1,1,0,3,0,0,0,0,1.00E-12,1.00E-12,1,0,0,1.00E-12,1,1,1
x437,1664186899,1,0,3,1,1,0,0,0,0,1,0,0,1,0,0,0,0,1,1,1,0,3,0,0,0,0,1.00E-12,1.00E-12,1,0,0,1.00E-12,1,1,1
x438,1664186899,1,0,3,1,1,0,0,0,0,1,0,0,1,0,0,0,0,1,1,1,0,3,0,0,0,0,1.00E-12,1.00E-12,1,0,0,1.00E-12,1,1,1
x439,1664186899,1,0,3,1,1,0,0,0,0,1,0,0,1,0,0,0,0,1,1,1,0,3,0,0,0,0,1.00E-12,1.00E-12,1,0,0,1.00E-12,1,1,1
x440,1664186899,1,0,3,1,1,0,0,0,0,1,0,0,1,0,0,0,0,1,1,1,0,3,0,0,0,0,1.00E-12,1.00E-12,1,0,0,1.00E-12,1,1,1
x441,1664186899,1,0,3,1,1,0,0,0,0,1,0,0,1,0,0,0,0,1,1,1,0,3,0,0,0,0,1.00E-12,1.00E-12,1,0,0,1.00E-12,1,1,1
x442,1664186899,1,0,3,1,1,0,0,0,0,1,0,0,1,0,0,0,0,1,1,1,0,3,0,0,0,0,1.00E-12,1.00E-12,1,0,0,1.00E-12,1,1,1
x443,1664186899,1,0,3,1,1,0,0,0,0,1,0,0,1,0,0,0,0,1,1,1,0,3,0,0,0,0,1.00E-12,1.00E-12,1,0,0,1.00E-12,1,1,1
x444,1664186899,1,0,3,1,1,0,0,0,0,1,0,0,1,0,0,0,0,1,1,1,0,3,0,0,0,0,1.00E-12,1.00E-12,1,0,0,1.00E-12,1,1,1
x445,1664186899,1,0,3,1,1,0,0,0,0,1,0,0,1,0,0,0,0,1,1,1,0,3,0,0,0,0,1.00E-12,1.00E-12,1,0,0,1.00E-12,1,1,1
x446,1664186899,1,0,3,1,1,0,0,0,0,1,0,0,1,0,0,0,0,1,1,1,0,3,0,0,0,0,1.00E-12,1.00E-12,1,0,0,1.00E-12,1,1,1
x447,1664186899,1,0,3,1,1,0,0,0,0,1,0,0,1,0,0,0,0,1,1,1,0,3,0,0,0,0,1.00E-12,1.00E-12,1,0,0,1.00E-12,1,1,1
x448,1664186899,1,0,3,1,1,0,0,0,0,1,0,0,1,0,0,0,0,1,1,1,0,3,0,0,0,0,1.00E-12,1.00E-12,1,0,0,1.00E-12,1,1,1
x449,1664186899,1,0,3,1,1,0,0,0,0,1,0,0,1,0,0,0,0,1,1,1,0,3,0,0,0,0,1.00E-12,1.00E-12,1,0,0,1.00E-12,1,1,1
x450,1664186899,1,0,3,1,1,0,0,0,0,1,0,0,1,0,0,0,0,1,1,1,0,3,0,0,0,0,1.00E-12,1.00E-12,1,0,0,1.00E-12,1,1,1
x451,1664186899,1,0,3,1,1,0,0,0,0,1,0,0,1,0,0,0,0,1,1,1,0,3,0,0,0,0,1.00E-12,1.00E-12,1,0,0,1.00E-12,1,1,1
x452,1664186899,1,0,3,1,1,0,0,0,0,1,0,0,1,0,0,0,0,1,1,1,0,3,0,0,0,0,1.00E-12,1.00E-12,1,0,0,1.00E-12,1,1,1
x453,1664186899,1,0,3,1,1,0,0,0,0,1,0,0,1,0,0,0,0,1,1,1,0,3,0,0,0,0,1.00E-12,1.00E-12,1,0,0,1.00E-12,1,1,1
x454,1664186899,1,0,3,1,1,0,0,0,0,1,0,0,1,0,0,0,0,1,1,1,0,3,0,0,0,0,1.00E-12,1.00E-12,1,0,0,1.00E-12,1,1,1
x455,1664186899,1,0,3,1,1,0,0,0,0,1,0,0,1,0,0,0,0,1,1,1,0,3,0,0,0,0,1.00E-12,1.00E-12,1,0,0,1.00E-12,1,1,1
x456,1664186899,1,0,3,1,1,0,0,0,0,1,0,0,1,0,0,0,0,1,1,1,0,3,0,0,0,0,1.00E-12,1.00E-12,1,0,0,1.00E-12,1,1,1
x457,1664186899,1,0,3,1,1,0,0,0,0,1,0,0,1,0,0,0,0,1,1,1,0,3,0,0,0,0,1.00E-12,1.00E-12,1,0,0,1.00E-12,1,1,1
x458,1664186899,1,0,3,1,1,0,0,0,0,1,0,0,1,0,0,0,0,1,1,1,0,3,0,0,0,0,1.00E-12,1.00E-12,1,0,0,1.00E-12,1,1,1
x459,1664186899,1,0,3,1,1,0,0,0,0,1,0,0,1,0,0,0,0,1,1,1,0,3,0,0,0,0,1.00E-12,1.00E-12,1,0,0,1.00E-12,1,1,1
x460,1664186899,1,0,3,1,1,0,0,0,0,1,0,0,1,0,0,0,0,1,1,1,0,3,0,0,0,0,1.00E-12,1.00E-12,1,0,0,1.00E-12,1,1,1
x461,1664186899,1,0,3,1,1,0,0,0,0,1,0,0,1,0,0,0,0,1,1,1,0,3,0,0,0,0,1.00E-12,1.00E-12,1,0,0,1.00E-12,1,1,1
x462,1664186899,1,0,3,1,1,0,0,0,0,1,0,0,1,0,0,0,0,1,1,1,0,3,0,0,0,0,1.00E-12,1.00E-12,1,0,0,1.00E-12,1,1,1
x463,1664186899,1,0,3,1,1,0,0,0,0,1,0,0,1,0,0,0,0,1,1,1,0,3,0,0,0,0,1.00E-12,1.00E-12,1,0,0,1.00E-12,1,1,1
x464,1664186899,1,0,3,1,1,0,0,0,0,1,0,0,1,0,0,0,0,1,1,1,0,3,0,0,0,0,1.00E-12,1.00E-12,1,0,0,1.00E-12,1,1,1
x465,1664186899,1,0,3,1,1,0,0,0,0,1,0,0,1,0,0,0,0,1,1,1,0,3,0,0,0,0,1.00E-12,1.00E-12,1,0,0,1.00E-12,1,1,1
x466,1664186899,1,0,3,1,1,0,0,0,0,1,0,0,1,0,0,0,0,1,1,1,0,3,0,0,0,0,1.00E-12,1.00E-12,1,0,0,1.00E-12,1,1,1
x467,1664186899,1,0,3,1,1,0,0,0,0,1,0,0,1,0,0,0,0,1,1,1,0,3,0,0,0,0,1.00E-12,1.00E-12,1,0,0,1.00E-12,1,1,1
x468,1664186899,1,0,3,1,1,0,0,0,0,1,0,0,1,0,0,0,0,1,1,1,0,3,0,0,0,0,1.00E-12,1.00E-12,1,0,0,1.00E-12,1,1,1
x469,1664186899,1,0,3,1,1,0,0,0,0,1,0,0,1,0,0,0,0,1,1,1,0,3,0,0,0,0,1.00E-12,1.00E-12,1,0,0,1.00E-12,1,1,1
x470,1664186899,1,0,3,1,1,0,0,0,0,1,0,0,1,0,0,0,0,1,1,1,0,3,0,0,0,0,1.00E-12,1.00E-12,1,0,0,1.00E-12,1,1,1
x471,1664186899,1,0,3,1,1,0,0,0,0,1,0,0,1,0,0,0,0,1,1,1,0,3,0,0,0,0,1.00E-12,1.00E-12,1,0,0,1.00E-12,1,1,1
x472,1664186899,1,0,3,1,1,0,0,0,0,1,0,0,1,0,0,0,0,1,1,1,0,3,0,0,0,0,1.00E-12,1.00E-12,1,0,0,1.00E-12,1,1,1
x473,1664186899,1,0,3,1,1,0,0,0,0,1,0,0,1,0,0,0,0,1,1,1,0,3,0,0,0,0,1.00E-12,1.00E-12,1,0,0,1.00E-12,1,1,1
x474,1664186899,1,0,3,1,1,0,0,0,0,1,0,0,1,0,0,0,0,1,1,1,0,3,0,0,0,0,1.00E-12,1.00E-12,1,0,0,1.00E-12,1,1,1
x475,1664186899,1,0,3,1,1,0,0,0,0,1,0,0,1,0,0,0,0,1,1,1,0,3,0,0,0,0,1.00E-12,1.00E-12,1,0,0,1.00E-12,1,1,1
x476,1664186899,1,0,3,1,1,0,0,0,0,1,0,0,1,0,0,0,0,1,1,1,0,3,0,0,0,0,1.00E-12,1.00E-12,1,0,0,1.00E-12,1,1,1
x477,1664186899,1,0,3,1,1,0,0,0,0,1,0,0,1,0,0,0,0,1,1,1,0,3,0,0,0,0,1.00E-12,1.00E-12,1,0,0,1.00E-12,1,1,1
x478,1664186899,1,0,3,1,1,0,0,0,0,1,0,0,1,0,0,0,0,1,1,1,0,3,0,0,0,0,1.00E-12,1.00E-12,1,0,0,1.00E-12,1,1,1
x479,1664186899,1,0,1,0,0,1,0,0,0,0,3,2,1,0,0,0,0,0,1,1,0,3,0,1,0,0,1.00E-12,1.00E-06,0,1.00E+99,1.00E+99,1,1,0,1
x480,1664186899,1,0,1,0,0,1,0,0,0,0,2,1,1,0,0,0,0,0,1,1,0,3,0,1,0,0,1.00E-12,1.00E-06,0,1.00E+99,1.00E+99,1,1,0,1
x481,1664186899,1,0,1,0,0,1,0,0,0,0,2,1,1,0,0,0,0,0,1,1,0,3,2,0,0,0,1.00E-12,2.00E-06,0,1.00E+99,1.00E+99,1,1,0,1
x482,1664186899,1,0,1,0,0,1,0,0,0,0,2,1,1,0,0,0,0,0,1,1,0,3,1,0,0,0,1.00E-12,1.00E-06,0,1.00E+99,1.00E+99,1,1,0,1
x483,1664186899,1,0,1,0,0,1,0,0,0,0,3,2,1,0,0,0,0,0,1,1,0,3,0,1,0,0,1.00E-12,1.00E-06,0,1.00E+99,1.00E+99,1,1,0,1
x484,1664186899,1,0,1,0,0,1,0,0,0,0,2,1,1,0,0,0,0,0,1,1,0,3,0,1,0,0,1.00E-12,1.00E-06,0,1.00E+99,1.00E+99,1,1,0,1
x485,1664186899,1,0,1,0,0,1,0,0,0,0,2,1,1,0,0,0,0,0,1,1,0,3,0,1,0,0,1.00E-12,1.00E-06,0,1.00E+99,1.00E+99,1,1,0,1
x486,1664186899,1,0,1,0,0,1,0,0,0,0,3,2,1,0,0,0,0,0,1,1,0,3,0,3,0,1,1.00E-12,5.00E-06,0,1.00E+99,1.00E+99,1,1,0,1
x487,1664186899,1,0,1,0,0,1,0,0,0,0,2,1,1,0,0,0,0,0,1,1,0,3,0,3,0,1,1.00E-12,5.00E-06,0,1.00E+99,1.00E+99,1,1,0,1
x488,1664186899,1,0,1,0,0,1,0,0,0,0,2,1,1,0,0,0,0,0,1,1,0,3,1,0,0,0,1.00E-12,1.00E-06,0,1.00E+99,1.00E+99,1,1,0,1
x489,1664186899,1,0,1,0,0,1,0,0,0,0,2,1,1,0,0,0,0,0,1,1,0,3,1,0,0,0,1.00E-12,1.00E-06,0,1.00E+99,1.00E+99,1,1,0,1
x490,1664186899,1,0,1,0,0,1,0,0,0,0,2,1,1,0,0,0,0,0,1,1,0,3,0,1,0,0,1.00E-12,1.00E-06,0,1.00E+99,1.00E+99,1,1,0,1
x491,1664186899,1,0,3,1,1,0,0,0,0,0,0,0,1,0,0,0,0,0,0,1,0,3,0,0,0,0,1.00E-12,1.00E-12,0,1.00E+99,1.00E+99,1,1,0,0
x492,1664186899,1,0,1,0,0,1,0,0,0,0,2,1,1,0,0,0,0,0,1,1,0,3,0,1,1,0,1.00E-12,1,0,1.00E+99,1.00E+99,1,1,0,0
x493,1664186899,1,0,1,0,0,1,0,0,0,0,2,1,1,0,0,0,0,0,1,1,0,3,2,0,0,0,1.00E-12,2.00E-06,0,1.00E+99,1.00E+99,1,1,0,1
x494,1664186899,1,0,1,0,0,1,0,0,0,0,2,1,1,0,0,0,0,0,1,1,0,3,0,5,0,1,1.00E-12,8.00E-06,0,1.00E+99,1.00E+99,1,1,0,0
x495,1664186899,1,0,1,0,0,1,0,0,0,0,3,2,1,0,0,0,0,0,1,1,0,3,0,5,0,1,1.00E-12,8.00E-06,0,1.00E+99,1.00E+99,1,1,0,1
x496,1664186899,1,0,1,0,0,1,0,0,0,0,2,1,1,0,0,0,0,0,1,1,0,3,0,2,0,0,1.00E-12,2.00E-06,0,1.00E+99,1.00E+99,1,1,0,1
x497,1664186899,1,0,1,0,0,1,0,0,0,0,2,1,1,0,0,0,0,0,1,1,0,3,0,2,0,0,1.00E-12,2.00E-06,0,1.00E+99,1.00E+99,1,1,0,1
x498,1664186899,1,0,1,0,0,1,0,0,0,0,2,1,1,0,0,0,0,0,1,1,0,3,0,5,0,1,1.00E-12,8.00E-06,0,1.00E+99,1.00E+99,1,1,0,1
x499,1664186899,1,0,1,0,0,1,0,0,0,0,3,2,1,0,0,0,0,0,1,1,0,3,0,5,0,1,1.00E-12,8.00E-06,0,1.00E+99,1.00E+99,1,1,0,1
x500,1664186899,1,0,1,0,0,1,0,0,0,0,2,1,1,0,0,0,0,0,1,1,0,3,0,5,0,1,1.00E-12,8.00E-06,0,1.00E+99,1.00E+99,1,1,0,1
x501,1664186899,1,0,1,0,0,1,0,0,0,0,2,1,1,0,0,0,0,0,1,1,0,3,0,7,0,3,1.00E-12,1.50E-05,0,1.00E+99,1.00E+99,1,1,0,1
x502,1664186899,1,0,1,0,0,1,0,0,0,0,3,2,1,0,0,0,0,0,1,1,0,3,0,7,0,3,1.00E-12,1.50E-05,0,1.00E+99,1.00E+99,1,1,0,1
x503,1664186899,1,0,1,0,0,1,0,0,0,0,2,1,1,0,0,0,0,0,1,1,0,3,0,2,0,0,1.00E-12,2.00E-06,0,1.00E+99,1.00E+99,1,1,0,1
x504,1664186899,1,0,1,0,0,1,0,0,0,0,2,1,1,0,0,0,0,0,1,1,0,3,0,2,0,0,1.00E-12,2.00E-06,0,1.00E+99,1.00E+99,1,1,0,1
x505,1664186899,1,0,1,0,0,1,0,0,0,0,2,1,1,0,0,0,0,0,1,1,0,3,0,5,0,1,1.00E-12,8.00E-06,0,1.00E+99,1.00E+99,1,1,0,1
x506,1664186899,1,0,1,0,0,1,0,0,0,0,2,1,1,0,0,0,0,0,1,1,0,3,0,28,1,24,1.00E-12,265,0,1.00E+99,1.00E+99,1,1,0,0
x507,1664186899,1,0,3,1,1,0,0,0,0,0,0,0,1,0,0,0,0,0,0,1,0,3,0,0,0,0,1.00E-12,1.00E-12,0,1.00E+99,1.00E+99,1,1,0,0
x508,1664186899,1,0,1,0,0,1,0,0,0,0,2,1,1,0,0,0,0,0,1,1,0,3,0,2,0,0,1.00E-12,2.00E-06,0,1.00E+99,1.00E+99,1,1,0,1
x509,1664186899,1,0,3,1,1,0,0,0,0,1,0,0,1,0,0,0,0,1,1,1,0,3,0,0,0,0,1.00E-12,1.00E-12,1,0,0,1.00E-12,1,1,1
x510,1664186899,1,0,3,1,1,0,0,0,0,1,0,0,1,0,0,0,0,1,1,1,0,3,0,0,0,0,1.00E-12,1.00E-12,1,0,0,1.00E-12,1,1,1
x511,1664186899,1,0,3,1,1,0,0,0,0,1,0,0,1,0,0,0,0,1,1,1,0,3,0,0,0,0,1.00E-12,1.00E-12,1,0,0,1.00E-12,1,1,1
x512,1664186899,1,0,3,1,1,0,0,0,0,1,0,0,1,0,0,0,0,1,1,1,0,3,0,0,0,0,1.00E-12,1.00E-12,1,0,0,1.00E-12,1,1,1
x513,1664186899,1,0,3,1,1,0,0,0,0,1,0,0,1,0,0,0,0,1,1,1,0,3,0,0,0,0,1.00E-12,1.00E-12,1,0,0,1.00E-12,1,1,1
x514,1664186899,1,0,3,1,1,0,0,0,0,1,0,0,1,0,0,0,0,1,1,1,0,3,0,0,0,0,1.00E-12,1.00E-12,1,0,0,1.00E-12,1,1,1
x515,1664186899,1,0,3,1,1,0,0,0,0,1,0,0,1,0,0,0,0,1,1,1,0,3,0,0,0,0,1.00E-12,1.00E-12,1,0,0,1.00E-12,1,1,1
x516,1664186899,1,0,3,1,1,0,0,0,0,1,0,0,1,0,0,0,0,1,1,1,0,3,0,0,0,0,1.00E-12,1.00E-12,1,0,0,1.00E-12,1,1,1
x517,1664186899,1,0,3,1,1,0,0,0,0,1,0,0,1,0,0,0,0,1,1,1,0,3,0,0,0,0,1.00E-12,1.00E-12,1,0,0,1.00E-12,1,1,1
x518,1664186899,1,0,3,1,1,0,0,0,0,1,0,0,1,0,0,0,0,1,1,1,0,3,0,0,0,0,1.00E-12,1.00E-12,1,0,0,1.00E-12,1,1,1
x519,1664186899,1,0,3,1,1,0,0,0,0,1,0,0,1,0,0,0,0,1,1,1,0,3,0,0,0,0,1.00E-12,1.00E-12,1,0,0,1.00E-12,1,1,1
x520,1664186899,1,0,3,1,1,0,0,0,0,1,0,0,1,0,0,0,0,1,1,1,0,3,0,0,0,0,1.00E-12,1.00E-12,1,0,0,1.00E-12,1,1,1
x521,1664186899,1,0,3,1,1,0,0,0,0,1,0,0,1,0,0,0,0,1,1,1,0,3,0,0,0,0,1.00E-12,1.00E-12,1,0,0,1.00E-12,1,1,1
x522,1664186899,1,0,3,1,1,0,0,0,0,1,0,0,1,0,0,0,0,1,1,1,0,3,0,0,0,0,1.00E-12,1.00E-12,1,0,0,1.00E-12,1,1,1
x523,1664186899,1,0,3,1,1,0,0,0,0,1,0,0,1,0,0,0,0,1,1,1,0,3,0,0,0,0,1.00E-12,1.00E-12,1,0,0,1.00E-12,1,1,1
x524,1664186899,1,0,1,0,0,1,0,0,0,0,4,4,1,0,0,0,0,0,1,1,0,3,144,4,28,1,1.00E-12,877.5,0,1.00E+99,1.00E+99,1,1,0,1
x525,1664186899,1,0,1,0,0,1,0,0,0,0,4,4,1,0,0,0,0,0,1,1,0,3,105,9,17,6,1.00E-12,1875,0,1.00E+99,1.00E+99,1,1,0,0
x526,1664186899,1,0,1,0,0,1,0,0,0,0,4,4,1,0,0,0,0,0,1,1,0,3,195,2,59,0,1.00E-12,568,0,1.00E+99,1.00E+99,1,1,0,1
x527,1664186899,1,0,1,0,0,1,0,0,0,0,4,4,1,0,0,0,0,0,1,1,0,3,120,6,22,3,1.00E-12,1309.5,0,1.00E+99,1.00E+99,1,1,0,0
x528,1664186899,1,0,1,0,0,1,0,0,0,0,4,4,1,0,0,0,0,0,1,1,0,3,144,4,26,1,1.00E-12,897.5,0,1.00E+99,1.00E+99,1,1,0,0
x529,1664186899,1,0,1,0,0,1,0,0,0,0,4,4,1,0,0,0,0,0,1,1,0,3,105,9,17,6,1.00E-12,1905,0,1.00E+99,1.00E+99,1,1,0,0
x530,1664186899,1,0,1,0,0,1,0,0,0,0,4,4,1,0,0,0,0,0,1,1,0,3,194,2,60,0,1.00E-12,578,0,1.00E+99,1.00E+99,1,1,0,0
x531,1664186899,1,0,1,0,0,1,0,0,0,0,4,4,1,0,0,0,0,0,1,1,0,3,120,6,21,3,1.00E-12,1305,0,1.00E+99,1.00E+99,1,1,0,0
x532,1664186899,1,0,1,0,0,1,0,0,0,0,4,4,1,0,0,0,0,0,1,1,0,3,205,6,40,3,1.00E-12,2362.5,0,1.00E+99,1.00E+99,1,1,0,0
x533,1664186899,1,0,1,0,0,1,0,0,0,0,4,4,1,0,0,0,0,0,1,1,0,3,142,13,26,10,1.00E-12,4025,0,1.00E+99,1.00E+99,1,1,0,0
x534,1664186899,1,0,1,0,0,1,0,0,0,0,4,4,1,0,0,0,0,0,1,1,0,3,231,4,57,1,1.00E-12,1550,0,1.00E+99,1.00E+99,1,1,0,1
x535,1664186899,1,0,1,0,0,1,0,0,0,0,4,4,1,0,0,0,0,0,1,1,0,3,156,10,29,7,1.00E-12,3374.5,0,1.00E+99,1.00E+99,1,1,0,0
x536,1664186899,1,0,1,0,0,1,0,0,0,0,4,4,1,0,0,0,0,0,1,1,0,3,295,2,121,0,1.00E-12,1020,0,1.00E+99,1.00E+99,1,1,0,1
x537,1664186899,1,0,1,0,0,1,0,0,0,0,4,4,1,0,0,0,0,0,1,1,0,3,177,7,35,4,1.00E-12,2464,0,1.00E+99,1.00E+99,1,1,0,0
x538,1664186899,1,0,1,0,0,1,0,0,0,0,4,4,1,0,0,0,0,0,1,1,0,3,159,4,33,1,1.00E-12,1002.5,0,1.00E+99,1.00E+99,1,1,0,1
x539,1664186899,1,0,1,0,0,1,0,0,0,0,4,4,1,0,0,0,0,0,1,1,0,3,106,9,20,6,1.00E-12,1927.5,0,1.00E+99,1.00E+99,1,1,0,1
x540,1664186899,1,0,1,0,0,1,0,0,0,0,4,4,1,0,0,0,0,0,1,1,0,3,193,2,58,0,1.00E-12,568,0,1.00E+99,1.00E+99,1,1,0,1
x541,1664186899,1,0,1,0,0,1,0,0,0,0,4,4,1,0,0,0,0,0,1,1,0,3,132,6,25,3,1.00E-12,1458,0,1.00E+99,1.00E+99,1,1,0,1
x542,1664186899,1,0,1,0,0,1,0,0,0,0,4,4,1,0,0,0,0,0,1,1,0,3,100,9,19,4,1.00E-12,1703.75,0,1.00E+99,1.00E+99,1,1,0,0
x543,1664186899,1,0,1,0,0,1,0,0,0,0,4,4,1,0,0,0,0,0,1,1,0,3,73,18,13,13,1.00E-12,2619.5,0,1.00E+99,1.00E+99,1,1,0,0
x544,1664186899,1,0,1,0,0,1,0,0,0,0,4,4,1,0,0,0,0,0,1,1,0,3,50,22,9,17,1.00E-12,2242.5,0,1.00E+99,1.00E+99,1,1,0,0
x545,1664186899,1,0,1,0,0,1,0,0,0,0,4,4,1,0,0,0,0,0,1,1,0,3,27,27,4,22,1.00E-12,1593,0,1.00E+99,1.00E+99,1,1,0,0
x546,1664186899,1,0,1,0,0,1,0,0,0,0,4,4,1,0,0,0,0,0,1,1,0,3,115,6,23,1,1.00E-12,1023.75,0,1.00E+99,1.00E+99,1,1,0,1
x547,1664186899,1,0,1,0,0,1,0,0,0,0,4,4,1,0,0,0,0,0,1,1,0,3,86,17,14,12,1.00E-12,2856.5,0,1.00E+99,1.00E+99,1,1,0,0
x548,1664186899,1,0,1,0,0,1,0,0,0,0,4,4,1,0,0,0,0,0,1,1,0,3,63,20,11,15,1.00E-12,2537.5,0,1.00E+99,1.00E+99,1,1,0,0
x549,1664186899,1,0,1,0,0,1,0,0,0,0,4,4,1,0,0,0,0,0,1,1,0,3,40,25,6,20,1.00E-12,2136,0,1.00E+99,1.00E+99,1,1,0,0
x550,1664186899,1,0,1,0,0,1,0,0,0,0,4,4,1,0,0,0,0,0,1,1,0,3,100,9,18,4,1.00E-12,1696.5,0,1.00E+99,1.00E+99,1,1,0,0
x551,1664186899,1,0,1,0,0,1,0,0,0,0,4,4,1,0,0,0,0,0,1,1,0,3,73,18,13,13,1.00E-12,2635,0,1.00E+99,1.00E+99,1,1,0,0
x552,1664186899,1,0,1,0,0,1,0,0,0,0,4,4,1,0,0,0,0,0,1,1,0,3,50,22,9,17,1.00E-12,2262,0,1.00E+99,1.00E+99,1,1,0,0
x553,1664186899,1,0,1,0,0,1,0,0,0,0,4,4,1,0,0,0,0,0,1,1,0,3,27,27,4,22,1.00E-12,1563.5,0,1.00E+99,1.00E+99,1,1,0,0
x554,1664186899,1,0,1,0,0,1,0,0,0,0,4,4,1,0,0,0,0,0,1,1,0,3,115,6,22,1,1.00E-12,969.5,0,1.00E+99,1.00E+99,1,1,0,0
x555,1664186899,1,0,1,0,0,1,0,0,0,0,4,4,1,0,0,0,0,0,1,1,0,3,86,17,14,12,1.00E-12,2871,0,1.00E+99,1.00E+99,1,1,0,0
x556,1664186899,1,0,1,0,0,1,0,0,0,0,4,4,1,0,0,0,0,0,1,1,0,3,63,20,11,15,1.00E-12,2572.5,0,1.00E+99,1.00E+99,1,1,0,0
x557,1664186899,1,0,1,0,0,1,0,0,0,0,4,4,1,0,0,0,0,0,1,1,0,3,40,25,6,20,1.00E-12,2025,0,1.00E+99,1.00E+99,1,1,0,0
x558,1664186899,1,0,1,0,0,1,0,0,0,0,4,4,1,0,0,0,0,0,1,1,0,3,133,14,27,9,1.00E-12,4266.5,0,1.00E+99,1.00E+99,1,1,0,0
x559,1664186899,1,0,1,0,0,1,0,0,0,0,4,4,1,0,0,0,0,0,1,1,0,3,97,25,20,20,1.00E-12,5265,0,1.00E+99,1.00E+99,1,1,0,0
x560,1664186899,1,0,1,0,0,1,0,0,0,0,4,4,1,0,0,0,0,0,1,1,0,3,66,32,11,27,1.00E-12,4543,0,1.00E+99,1.00E+99,1,1,0,0
x561,1664186899,1,0,1,0,0,1,0,0,0,0,4,4,1,0,0,0,0,0,1,1,0,3,35,39,4,34,1.00E-12,2981.25,0,1.00E+99,1.00E+99,1,1,0,0
x562,1664186899,1,0,1,0,0,1,0,0,0,0,4,4,1,0,0,0,0,0,1,1,0,3,149,10,30,5,1.00E-12,3044.25,0,1.00E+99,1.00E+99,1,1,0,0
x563,1664186899,1,0,1,0,0,1,0,0,0,0,4,4,1,0,0,0,0,0,1,1,0,3,110,24,21,19,1.00E-12,5805,0,1.00E+99,1.00E+99,1,1,0,0
x564,1664186899,1,0,1,0,0,1,0,0,0,0,4,4,1,0,0,0,0,0,1,1,0,3,79,29,16,24,1.00E-12,5194,0,1.00E+99,1.00E+99,1,1,0,0
x565,1664186899,1,0,1,0,0,1,0,0,0,0,4,4,1,0,0,0,0,0,1,1,0,3,48,37,6,32,1.00E-12,4181,0,1.00E+99,1.00E+99,1,1,0,0
x566,1664186899,1,0,1,0,0,1,0,0,0,0,4,4,1,0,0,0,0,0,1,1,0,3,159,7,37,2,1.00E-12,1809,0,1.00E+99,1.00E+99,1,1,0,0
x567,1664186899,1,0,1,0,0,1,0,0,0,0,4,4,1,0,0,0,0,0,1,1,0,3,118,22,23,17,1.00E-12,6270,0,1.00E+99,1.00E+99,1,1,0,0
x568,1664186899,1,0,1,0,0,1,0,0,0,0,4,4,1,0,0,0,0,0,1,1,0,3,87,27,18,22,1.00E-12,5145,0,1.00E+99,1.00E+99,1,1,0,0
x569,1664186899,1,0,1,0,0,1,0,0,0,0,4,4,1,0,0,0,0,0,1,1,0,3,56,34,9,29,1.00E-12,4095,0,1.00E+99,1.00E+99,1,1,0,0
x570,1664186899,1,0,1,0,0,1,0,0,0,0,4,4,1,0,0,0,0,0,1,1,0,3,100,10,20,5,1.00E-12,1888,0,1.00E+99,1.00E+99,1,1,0,1
x571,1664186899,1,0,1,0,0,1,0,0,0,0,4,4,1,0,0,0,0,0,1,1,0,3,73,18,15,13,1.00E-12,2666,0,1.00E+99,1.00E+99,1,1,0,0
x572,1664186899,1,0,1,0,0,1,0,0,0,0,4,4,1,0,0,0,0,0,1,1,0,3,50,22,11,17,1.00E-12,2301,0,1.00E+99,1.00E+99,1,1,0,0
x573,1664186899,1,0,1,0,0,1,0,0,0,0,4,4,1,0,0,0,0,0,1,1,0,3,27,27,6,22,1.00E-12,1631.75,0,1.00E+99,1.00E+99,1,1,0,0
x574,1664186899,1,0,1,0,0,1,0,0,0,0,4,4,1,0,0,0,0,0,1,1,0,3,115,7,25,2,1.00E-12,1334.75,0,1.00E+99,1.00E+99,1,1,0,1
x575,1664186899,1,0,1,0,0,1,0,0,0,0,4,4,1,0,0,0,0,0,1,1,0,3,86,17,16,12,1.00E-12,2900,0,1.00E+99,1.00E+99,1,1,0,0
x576,1664186899,1,0,1,0,0,1,0,0,0,0,4,4,1,0,0,0,0,0,1,1,0,3,63,20,13,15,1.00E-12,2607.5,0,1.00E+99,1.00E+99,1,1,0,0
x577,1664186899,1,0,1,0,0,1,0,0,0,0,4,4,1,0,0,0,0,0,1,1,0,3,40,25,8,20,1.00E-12,2070,0,1.00E+99,1.00E+99,1,1,0,0
x638,1664186899,1,0,1,0,0,1,0,0,0,0,5,4,1,0,0,0,0,0,1,1,0,3,106,8,20,5,1.00E-12,1755,0,1.00E+99,1.00E+99,1,1,0,0
x639,1664186899,1,0,1,0,0,1,0,0,0,0,5,4,1,0,0,0,0,0,1,1,0,3,95,10,16,7,1.00E-12,1938,0,1.00E+99,1.00E+99,1,1,0,0
x640,1664186899,1,0,1,0,0,1,0,0,0,0,4,5,1,0,0,0,0,0,1,1,0,3,132,5,25,2,1.00E-12,1218.75,0,1.00E+99,1.00E+99,1,1,0,1
x641,1664186899,1,0,1,0,0,1,0,0,0,0,4,5,1,0,0,0,0,0,1,1,0,3,107,7,21,4,1.00E-12,1518,0,1.00E+99,1.00E+99,1,1,0,0
x642,1664186899,1,0,1,0,0,1,0,0,0,0,5,4,1,0,0,0,0,0,1,1,0,3,106,8,18,5,1.00E-12,1761.75,0,1.00E+99,1.00E+99,1,1,0,0
x643,1664186899,1,0,1,0,0,1,0,0,0,0,5,4,1,0,0,0,0,0,1,1,0,3,95,10,15,7,1.00E-12,1912.5,0,1.00E+99,1.00E+99,1,1,0,0
x644,1664186899,1,0,1,0,0,1,0,0,0,0,4,5,1,0,0,0,0,0,1,1,0,3,132,5,24,2,1.00E-12,1226.25,0,1.00E+99,1.00E+99,1,1,0,0
x645,1664186899,1,0,1,0,0,1,0,0,0,0,4,5,1,0,0,0,0,0,1,1,0,3,106,7,20,4,1.00E-12,1535.25,0,1.00E+99,1.00E+99,1,1,0,0
x646,1664186899,1,0,1,0,0,1,0,0,0,0,5,4,1,0,0,0,0,0,1,1,0,3,143,11,28,8,1.00E-12,3529.5,0,1.00E+99,1.00E+99,1,1,0,0
x647,1664186899,1,0,1,0,0,1,0,0,0,0,5,4,1,0,0,0,0,0,1,1,0,3,131,14,24,11,1.00E-12,4037.5,0,1.00E+99,1.00E+99,1,1,0,0
x648,1664186899,1,0,1,0,0,1,0,0,0,0,4,4,1,0,0,0,0,0,1,1,0,3,169,8,34,5,1.00E-12,2949.75,0,1.00E+99,1.00E+99,1,1,0,0
x649,1664186899,1,0,1,0,0,1,0,0,0,0,4,4,1,0,0,0,0,0,1,1,0,3,143,12,27,9,1.00E-12,3848.5,0,1.00E+99,1.00E+99,1,1,0,0
x650,1664186899,1,0,1,0,0,1,0,0,0,0,4,5,1,0,0,0,0,0,1,1,0,3,205,5,41,2,1.00E-12,1968.75,0,1.00E+99,1.00E+99,1,1,0,0
x651,1664186899,1,0,1,0,0,1,0,0,0,0,4,5,1,0,0,0,0,0,1,1,0,3,169,9,33,6,1.00E-12,3386.75,0,1.00E+99,1.00E+99,1,1,0,0
x652,1664186899,1,0,1,0,0,1,0,0,0,0,5,4,1,0,0,0,0,0,1,1,0,3,107,7,22,4,1.00E-12,1523.75,0,1.00E+99,1.00E+99,1,1,0,1
x653,1664186899,1,0,1,0,0,1,0,0,0,0,5,4,1,0,0,0,0,0,1,1,0,3,96,10,18,7,1.00E-12,1972,0,1.00E+99,1.00E+99,1,1,0,0
x654,1664186899,1,0,1,0,0,1,0,0,0,0,4,5,1,0,0,0,0,0,1,1,0,3,132,5,26,2,1.00E-12,1218.75,0,1.00E+99,1.00E+99,1,1,0,1
x655,1664186899,1,0,1,0,0,1,0,0,0,0,4,5,1,0,0,0,0,0,1,1,0,3,107,8,21,5,1.00E-12,1782,0,1.00E+99,1.00E+99,1,1,0,1
x656,1664186899,1,0,1,0,0,1,0,0,0,0,5,4,1,0,0,0,0,0,1,1,0,3,86,16,15,11,1.00E-12,3050,0,1.00E+99,1.00E+99,1,1,0,0
x657,1664186899,1,0,1,0,0,1,0,0,0,0,5,4,1,0,0,0,0,0,1,1,0,3,50,21,10,16,1.00E-12,2212.5,0,1.00E+99,1.00E+99,1,1,0,0
x658,1664186899,1,0,1,0,0,1,0,0,0,0,5,4,1,0,0,0,0,0,1,1,0,3,40,24,7,19,1.00E-12,2001,0,1.00E+99,1.00E+99,1,1,0,0
x659,1664186899,1,0,1,0,0,1,0,0,0,0,5,4,1,0,0,0,0,0,1,1,0,3,17,28,3,23,1.00E-12,1016.5,0,1.00E+99,1.00E+99,1,1,0,0
x660,1664186899,1,0,1,0,0,1,0,0,0,0,4,5,1,0,0,0,0,0,1,1,0,3,87,13,16,8,1.00E-12,2499,0,1.00E+99,1.00E+99,1,1,0,0
x661,1664186899,1,0,1,0,0,1,0,0,0,0,4,5,1,0,0,0,0,0,1,1,0,3,63,19,12,14,1.00E-12,2479,0,1.00E+99,1.00E+99,1,1,0,0
x662,1664186899,1,0,1,0,0,1,0,0,0,0,4,5,1,0,0,0,0,0,1,1,0,3,40,23,8,18,1.00E-12,1950.5,0,1.00E+99,1.00E+99,1,1,0,0
x663,1664186899,1,0,1,0,0,1,0,0,0,0,4,5,1,0,0,0,0,0,1,1,0,3,27,26,5,21,1.00E-12,1565.5,0,1.00E+99,1.00E+99,1,1,0,0
x664,1664186899,1,0,1,0,0,1,0,0,0,0,5,4,1,0,0,0,0,0,1,1,0,3,86,15,15,10,1.00E-12,2750,0,1.00E+99,1.00E+99,1,1,0,0
x665,1664186899,1,0,1,0,0,1,0,0,0,0,5,4,1,0,0,0,0,0,1,1,0,3,50,21,10,16,1.00E-12,2212.5,0,1.00E+99,1.00E+99,1,1,0,0
x666,1664186899,1,0,1,0,0,1,0,0,0,0,5,4,1,0,0,0,0,0,1,1,0,3,40,24,7,19,1.00E-12,2022.75,0,1.00E+99,1.00E+99,1,1,0,0
x667,1664186899,1,0,1,0,0,1,0,0,0,0,5,4,1,0,0,0,0,0,1,1,0,3,17,28,3,23,1.00E-12,1007,0,1.00E+99,1.00E+99,1,1,0,0
x668,1664186899,1,0,1,0,0,1,0,0,0,0,4,5,1,0,0,0,0,0,1,1,0,3,87,12,16,7,1.00E-12,2152.5,0,1.00E+99,1.00E+99,1,1,0,0
x669,1664186899,1,0,1,0,0,1,0,0,0,0,4,5,1,0,0,0,0,0,1,1,0,3,63,19,12,14,1.00E-12,2495.75,0,1.00E+99,1.00E+99,1,1,0,0
x670,1664186899,1,0,1,0,0,1,0,0,0,0,4,5,1,0,0,0,0,0,1,1,0,3,40,23,8,18,1.00E-12,1971.25,0,1.00E+99,1.00E+99,1,1,0,0
x671,1664186899,1,0,1,0,0,1,0,0,0,0,4,5,1,0,0,0,0,0,1,1,0,3,27,26,5,21,1.00E-12,1534.5,0,1.00E+99,1.00E+99,1,1,0,0
x672,1664186899,1,0,1,0,0,1,0,0,0,0,5,4,1,0,0,0,0,0,1,1,0,3,110,23,22,18,1.00E-12,5644,0,1.00E+99,1.00E+99,1,1,0,0
x673,1664186899,1,0,1,0,0,1,0,0,0,0,5,4,1,0,0,0,0,0,1,1,0,3,66,30,13,25,1.00E-12,4384.5,0,1.00E+99,1.00E+99,1,1,0,0
x674,1664186899,1,0,1,0,0,1,0,0,0,0,5,4,1,0,0,0,0,0,1,1,0,3,48,35,8,30,1.00E-12,4100.5,0,1.00E+99,1.00E+99,1,1,0,0
x675,1664186899,1,0,1,0,0,1,0,0,0,0,5,4,1,0,0,0,0,0,1,1,0,3,25,40,3,35,1.00E-12,2119.5,0,1.00E+99,1.00E+99,1,1,0,0
x676,1664186899,1,0,1,0,0,1,0,0,0,0,4,4,1,0,0,0,0,0,1,1,0,3,119,20,24,15,1.00E-12,5760,0,1.00E+99,1.00E+99,1,1,0,0
x677,1664186899,1,0,1,0,0,1,0,0,0,0,4,4,1,0,0,0,0,0,1,1,0,3,79,28,17,23,1.00E-12,5124.25,0,1.00E+99,1.00E+99,1,1,0,0
x678,1664186899,1,0,1,0,0,1,0,0,0,0,4,4,1,0,0,0,0,0,1,1,0,3,56,33,10,28,1.00E-12,4059,0,1.00E+99,1.00E+99,1,1,0,0
x679,1664186899,1,0,1,0,0,1,0,0,0,0,4,4,1,0,0,0,0,0,1,1,0,3,35,38,5,33,1.00E-12,2964,0,1.00E+99,1.00E+99,1,1,0,0
x680,1664186899,1,0,1,0,0,1,0,0,0,0,4,5,1,0,0,0,0,0,1,1,0,3,121,15,25,10,1.00E-12,4203.75,0,1.00E+99,1.00E+99,1,1,0,0
x681,1664186899,1,0,1,0,0,1,0,0,0,0,4,5,1,0,0,0,0,0,1,1,0,3,87,26,19,21,1.00E-12,5058.75,0,1.00E+99,1.00E+99,1,1,0,0
x682,1664186899,1,0,1,0,0,1,0,0,0,0,4,5,1,0,0,0,0,0,1,1,0,3,66,31,12,26,1.00E-12,4485,0,1.00E+99,1.00E+99,1,1,0,0
x683,1664186899,1,0,1,0,0,1,0,0,0,0,4,5,1,0,0,0,0,0,1,1,0,3,48,36,7,31,1.00E-12,4176,0,1.00E+99,1.00E+99,1,1,0,0
x684,1664186899,1,0,1,0,0,1,0,0,0,0,5,4,1,0,0,0,0,0,1,1,0,3,86,16,17,11,1.00E-12,3080.5,0,1.00E+99,1.00E+99,1,1,0,0
x685,1664186899,1,0,1,0,0,1,0,0,0,0,5,4,1,0,0,0,0,0,1,1,0,3,50,21,12,16,1.00E-12,2250,0,1.00E+99,1.00E+99,1,1,0,0
x686,1664186899,1,0,1,0,0,1,0,0,0,0,5,4,1,0,0,0,0,0,1,1,0,3,40,24,9,19,1.00E-12,2066.25,0,1.00E+99,1.00E+99,1,1,0,0
x687,1664186899,1,0,1,0,0,1,0,0,0,0,5,4,1,0,0,0,0,0,1,1,0,3,17,28,5,23,1.00E-12,1070,0,1.00E+99,1.00E+99,1,1,0,0
x688,1664186899,1,0,1,0,0,1,0,0,0,0,4,5,1,0,0,0,0,0,1,1,0,3,87,14,18,9,1.00E-12,2794.5,0,1.00E+99,1.00E+99,1,1,0,1
x689,1664186899,1,0,1,0,0,1,0,0,0,0,4,5,1,0,0,0,0,0,1,1,0,3,63,19,14,14,1.00E-12,2529.25,0,1.00E+99,1.00E+99,1,1,0,0
x690,1664186899,1,0,1,0,0,1,0,0,0,0,4,5,1,0,0,0,0,0,1,1,0,3,40,23,10,18,1.00E-12,2012.75,0,1.00E+99,1.00E+99,1,1,0,0
x691,1664186899,1,0,1,0,0,1,0,0,0,0,4,5,1,0,0,0,0,0,1,1,0,3,27,26,7,21,1.00E-12,1616,0,1.00E+99,1.00E+99,1,1,0,0
x980,1664186899,1,0,1,0,0,1,0,0,0,0,1,1,1,0,0,0,0,0,1,1,0,3,28,0,26,0,1.00E-12,0.000396,0,1.00E+99,1.00E+99,1,1,0,1
x981,1664186899,1,0,1,0,0,1,0,0,0,0,1,1,1,0,0,0,0,0,1,1,0,3,0,0,0,0,1.00E-12,1.00E-12,0,1.00E+99,1.00E+99,1,1,0,0
x982,1664186899,1,0,1,0,0,1,0,0,0,0,1,1,1,0,0,0,0,0,1,1,0,3,0,0,0,0,1.00E-12,1.00E-12,0,1.00E+99,1.00E+99,1,1,0,0
x983,1664186899,1,0,1,0,0,1,0,0,0,0,1,1,1,0,0,0,0,0,1,1,0,3,0,0,0,0,1.00E-12,1.00E-12,0,1.00E+99,1.00E+99,1,1,0,0
x984,1664186899,1,0,1,0,0,1,0,0,0,0,1,1,1,0,0,0,0,0,1,1,0,3,28,0,25,0,1.00E-12,0.000463,0,1.00E+99,1.00E+99,1,1,0,1
x985,1664186899,1,0,1,0,0,1,0,0,0,0,1,1,1,0,0,0,0,0,1,1,0,3,0,0,0,0,1.00E-12,1.00E-12,0,1.00E+99,1.00E+99,1,1,0,0
x986,1664186899,1,0,1,0,0,1,0,0,0,0,1,1,1,0,0,0,0,0,1,1,0,3,0,0,0,0,1.00E-12,1.00E-12,0,1.00E+99,1.00E+99,1,1,0,1
x987,1664186899,1,0,1,0,0,1,0,0,0,0,1,1,1,0,0,0,0,0,1,1,0,3,0,0,0,0,1.00E-12,1.00E-12,0,1.00E+99,1.00E+99,1,1,0,0
x988,1664186899,1,0,3,1,1,0,0,0,0,0,0,0,1,0,0,0,0,0,0,1,0,3,0,0,0,0,1.00E-12,1.00E-12,0,1.00E+99,1.00E+99,1,1,0,0
x989,1664186899,1,0,3,1,1,0,0,0,0,0,0,0,1,0,0,0,0,0,0,1,0,3,0,0,0,0,1.00E-12,1.00E-12,0,1.00E+99,1.00E+99,1,1,0,0
x990,1664186899,1,0,3,1,1,0,0,0,0,0,0,0,1,0,0,0,0,0,0,1,0,3,0,0,0,0,1.00E-12,1.00E-12,0,1.00E+99,1.00E+99,1,1,0,0
x991,1664186899,1,0,3,1,1,0,0,0,0,0,0,0,1,0,0,0,0,0,0,1,0,3,0,0,0,0,1.00E-12,1.00E-12,0,1.00E+99,1.00E+99,1,1,0,0
x992,1664186899,1,0,3,1,1,0,0,0,0,0,0,0,1,0,0,0,0,0,0,1,0,3,0,0,0,0,1.00E-12,1.00E-12,0,1.00E+99,1.00E+99,1,1,0,0
x993,1664186899,1,0,3,1,1,0,0,0,0,0,0,0,1,0,0,0,0,0,0,1,0,3,0,0,0,0,1.00E-12,1.00E-12,0,1.00E+99,1.00E+99,1,1,0,0
x994,1664186899,1,0,3,1,1,0,0,0,0,0,0,0,1,0,0,0,0,0,0,1,0,3,0,0,0,0,1.00E-12,1.00E-12,0,1.00E+99,1.00E+99,1,1,0,0
x995,1664186899,1,0,3,1,1,0,0,0,0,0,0,0,1,0,0,0,0,0,0,1,0,3,0,0,0,0,1.00E-12,1.00E-12,0,1.00E+99,1.00E+99,1,1,0,0
x996,1664186899,1,0,1,0,0,1,0,0,0,0,1,1,1,0,0,0,0,0,1,1,0,3,0,0,0,0,1.00E-12,1.00E-12,0,1.00E+99,1.00E+99,1,1,0,0
x997,1664186899,1,0,1,0,0,1,0,0,0,0,1,1,1,0,0,0,0,0,1,1,0,3,28,0,26,0,1.00E-12,0.000375,0,1.00E+99,1.00E+99,1,1,0,1
x998,1664186899,1,0,1,0,0,1,0,0,0,0,1,1,1,0,0,0,0,0,1,1,0,3,0,0,0,0,1.00E-12,1.00E-12,0,1.00E+99,1.00E+99,1,1,0,1
x999,1664186899,1,0,1,0,0,1,0,0,0,0,1,1,1,0,0,0,0,0,1,1,0,3,0,0,0,0,1.00E-12,1.00E-12,0,1.00E+99,1.00E+99,1,1,0,0
x1000,1664186899,1,0,1,0,0,1,0,0,0,0,1,1,1,0,0,0,0,0,1,1,0,3,0,0,0,0,1.00E-12,1.00E-12,0,1.00E+99,1.00E+99,1,1,0,0
x1001,1664186899,1,0,1,0,0,1,0,0,0,0,1,1,1,0,0,0,0,0,1,1,0,3,28,0,26,0,1.00E-12,0.000461,0,1.00E+99,1.00E+99,1,1,0,1
x1002,1664186899,1,0,1,0,0,1,0,0,0,0,1,1,1,0,0,0,0,0,1,1,0,3,0,0,0,0,1.00E-12,1.00E-12,0,1.00E+99,1.00E+99,1,1,0,1
x1003,1664186899,1,0,1,0,0,1,0,0,0,0,1,1,1,0,0,0,0,0,1,1,0,3,0,0,0,0,1.00E-12,1.00E-12,0,1.00E+99,1.00E+99,1,1,0,0
x1004,1664186899,1,0,3,1,1,0,0,0,0,0,0,0,1,0,0,0,0,0,0,1,0,3,0,0,0,0,1.00E-12,1.00E-12,0,1.00E+99,1.00E+99,1,1,0,0
x1005,1664186899,1,0,3,1,1,0,0,0,0,0,0,0,1,0,0,0,0,0,0,1,0,3,0,0,0,0,1.00E-12,1.00E-12,0,1.00E+99,1.00E+99,1,1,0,0
x1006,1664186899,1,0,3,1,1,0,0,0,0,0,0,0,1,0,0,0,0,0,0,1,0,3,0,0,0,0,1.00E-12,1.00E-12,0,1.00E+99,1.00E+99,1,1,0,0
x1007,1664186899,1,0,3,1,1,0,0,0,0,0,0,0,1,0,0,0,0,0,0,1,0,3,0,0,0,0,1.00E-12,1.00E-12,0,1.00E+99,1.00E+99,1,1,0,0
x1008,1664186899,1,0,1,0,0,1,0,0,0,0,1,1,1,0,0,0,0,0,1,1,0,3,0,0,0,0,1.00E-12,1.00E-12,0,1.00E+99,1.00E+99,1,1,0,0
x1009,1664186899,1,0,1,0,0,1,0,0,0,0,1,1,1,0,0,0,0,0,1,1,0,3,0,0,0,0,1.00E-12,1.00E-12,0,1.00E+99,1.00E+99,1,1,0,0
x1010,1664186899,1,0,1,0,0,1,0,0,0,0,1,1,1,0,0,0,0,0,1,1,0,3,40,0,38,0,1.00E-12,0.000719,0,1.00E+99,1.00E+99,1,1,0,1
x1011,1664186899,1,0,1,0,0,1,0,0,0,0,1,1,1,0,0,0,0,0,1,1,0,3,0,0,0,0,1.00E-12,1.00E-12,0,1.00E+99,1.00E+99,1,1,0,0
x1012,1664186899,1,0,1,0,0,1,0,0,0,0,1,1,1,0,0,0,0,0,1,1,0,3,0,0,0,0,1.00E-12,1.00E-12,0,1.00E+99,1.00E+99,1,1,0,0
x1013,1664186899,1,0,1,0,0,1,0,0,0,0,1,1,1,0,0,0,0,0,1,1,0,3,0,0,0,0,1.00E-12,1.00E-12,0,1.00E+99,1.00E+99,1,1,0,1
x1014,1664186899,1,0,1,0,0,1,0,0,0,0,1,1,1,0,0,0,0,0,1,1,0,3,40,0,38,0,1.00E-12,0.000646,0,1.00E+99,1.00E+99,1,1,0,1
x1015,1664186899,1,0,1,0,0,1,0,0,0,0,1,1,1,0,0,0,0,0,1,1,0,3,0,0,0,0,1.00E-12,1.00E-12,0,1.00E+99,1.00E+99,1,1,0,0
x1016,1664186899,1,0,3,1,1,0,0,0,0,0,0,0,1,0,0,0,0,0,0,1,0,3,0,0,0,0,1.00E-12,1.00E-12,0,1.00E+99,1.00E+99,1,1,0,0
x1017,1664186899,1,0,3,1,1,0,0,0,0,0,0,0,1,0,0,0,0,0,0,1,0,3,0,0,0,0,1.00E-12,1.00E-12,0,1.00E+99,1.00E+99,1,1,0,0
x1018,1664186899,1,0,3,1,1,0,0,0,0,0,0,0,1,0,0,0,0,0,0,1,0,3,0,0,0,0,1.00E-12,1.00E-12,0,1.00E+99,1.00E+99,1,1,0,0
x1019,1664186899,1,0,3,1,1,0,0,0,0,0,0,0,1,0,0,0,0,0,0,1,0,3,0,0,0,0,1.00E-12,1.00E-12,0,1.00E+99,1.00E+99,1,1,0,0
x1020,1664186899,1,0,3,1,1,0,0,0,0,0,0,0,1,0,0,0,0,0,0,1,0,3,0,0,0,0,1.00E-12,1.00E-12,0,1.00E+99,1.00E+99,1,1,0,0
x1021,1664186899,1,0,3,1,1,0,0,0,0,0,0,0,1,0,0,0,0,0,0,1,0,3,0,0,0,0,1.00E-12,1.00E-12,0,1.00E+99,1.00E+99,1,1,0,0
x1022,1664186899,1,0,3,1,1,0,0,0,0,0,0,0,1,0,0,0,0,0,0,1,0,3,0,0,0,0,1.00E-12,1.00E-12,0,1.00E+99,1.00E+99,1,1,0,0
x1023,1664186899,1,0,3,1,1,0,0,0,0,0,0,0,1,0,0,0,0,0,0,1,0,3,0,0,0,0,1.00E-12,1.00E-12,0,1.00E+99,1.00E+99,1,1,0,0
x1024,1664186899,1,0,3,1,1,0,0,0,0,0,0,0,1,0,0,0,0,0,0,1,0,3,0,0,0,0,1.00E-12,1.00E-12,0,1.00E+99,1.00E+99,1,1,0,0
x1025,1664186899,1,0,3,1,1,0,0,0,0,0,0,0,1,0,0,0,0,0,0,1,0,3,0,0,0,0,1.00E-12,1.00E-12,0,1.00E+99,1.00E+99,1,1,0,0
x1026,1664186899,1,0,3,1,1,0,0,0,0,0,0,0,1,0,0,0,0,0,0,1,0,3,0,0,0,0,1.00E-12,1.00E-12,0,1.00E+99,1.00E+99,1,1,0,0
x1027,1664186899,1,0,3,1,1,0,0,0,0,0,0,0,1,0,0,0,0,0,0,1,0,3,0,0,0,0,1.00E-12,1.00E-12,0,1.00E+99,1.00E+99,1,1,0,0
x1028,1664186899,1,0,1,0,0,1,0,0,0,0,1,1,1,0,0,0,0,0,1,1,0,3,0,0,0,0,1.00E-12,1.00E-12,0,1.00E+99,1.00E+99,1,1,0,0
x1029,1664186899,1,0,1,0,0,1,0,0,0,0,1,1,1,0,0,0,0,0,1,1,0,3,0,0,0,0,1.00E-12,1.00E-12,0,1.00E+99,1.00E+99,1,1,0,0
x1030,1664186899,1,0,1,0,0,1,0,0,0,0,1,1,1,0,0,0,0,0,1,1,0,3,0,0,0,0,1.00E-12,1.00E-12,0,1.00E+99,1.00E+99,1,1,0,1
x1031,1664186899,1,0,1,0,0,1,0,0,0,0,1,1,1,0,0,0,0,0,1,1,0,3,28,0,26,0,1.00E-12,0.000437,0,1.00E+99,1.00E+99,1,1,0,1
x1032,1664186899,1,0,1,0,0,1,0,0,0,0,1,1,1,0,0,0,0,0,1,1,0,3,0,0,0,0,1.00E-12,1.00E-12,0,1.00E+99,1.00E+99,1,1,0,1
x1033,1664186899,1,0,1,0,0,1,0,0,0,0,1,1,1,0,0,0,0,0,1,1,0,3,0,0,0,0,1.00E-12,1.00E-12,0,1.00E+99,1.00E+99,1,1,0,0
x1034,1664186899,1,0,1,0,0,1,0,0,0,0,1,1,1,0,0,0,0,0,1,1,0,3,0,0,0,0,1.00E-12,1.00E-12,0,1.00E+99,1.00E+99,1,1,0,0
x1035,1664186899,1,0,1,0,0,1,0,0,0,0,1,1,1,0,0,0,0,0,1,1,0,3,28,0,26,0,1.00E-12,0.00048,0,1.00E+99,1.00E+99,1,1,0,1
x1036,1664186899,1,0,3,1,1,0,0,0,0,0,0,0,1,0,0,0,0,0,0,1,0,3,0,0,0,0,1.00E-12,1.00E-12,0,1.00E+99,1.00E+99,1,1,0,0
x1037,1664186899,1,0,3,1,1,0,0,0,0,0,0,0,1,0,0,0,0,0,0,1,0,3,0,0,0,0,1.00E-12,1.00E-12,0,1.00E+99,1.00E+99,1,1,0,0
x1038,1664186899,1,0,3,1,1,0,0,0,0,0,0,0,1,0,0,0,0,0,0,1,0,3,0,0,0,0,1.00E-12,1.00E-12,0,1.00E+99,1.00E+99,1,1,0,0
x1039,1664186899,1,0,3,1,1,0,0,0,0,0,0,0,1,0,0,0,0,0,0,1,0,3,0,0,0,0,1.00E-12,1.00E-12,0,1.00E+99,1.00E+99,1,1,0,0
x1218,1664186899,1,0,1,0,0,1,0,0,0,0,10,10,1,0,0,0,0,0,1,1,0,3,4,9,0,2,1.00E-12,72,0,1.00E+99,1.00E+99,1,1,0,0
x1219,1664186899,1,0,1,0,0,1,0,0,0,0,9,9,1,0,0,0,0,0,1,1,0,3,6,1,1,0,1.00E-12,7,0,1.00E+99,1.00E+99,1,1,0,1
x1220,1664186899,1,0,1,0,0,1,0,0,0,0,8,8,1,0,0,0,0,0,1,1,0,3,4,3,0,1,1.00E-12,16,0,1.00E+99,1.00E+99,1,1,0,0
x1221,1664186899,1,0,1,0,0,1,0,0,0,0,7,7,1,0,0,0,0,0,1,1,0,3,4,3,0,1,1.00E-12,16,0,1.00E+99,1.00E+99,1,1,0,0
x1222,1664186899,1,0,1,0,0,1,0,0,0,0,6,6,1,0,0,0,0,0,1,1,0,3,6,1,1,0,1.00E-12,7,0,1.00E+99,1.00E+99,1,1,0,0
x1223,1664186899,1,0,1,0,0,1,0,0,0,0,5,5,1,0,0,0,0,0,1,1,0,3,6,1,1,0,1.00E-12,7,0,1.00E+99,1.00E+99,1,1,0,0
x1224,1664186899,1,0,1,0,0,1,0,0,0,0,4,4,1,0,0,0,0,0,1,1,0,3,4,1,1,0,1.00E-12,4,0,1.00E+99,1.00E+99,1,1,0,1
x1225,1664186899,1,0,1,0,0,1,0,0,0,0,10,10,1,0,0,0,0,0,1,1,0,3,4,7,0,1,1.00E-12,60,0,1.00E+99,1.00E+99,1,1,0,0
x1226,1664186899,1,0,1,0,0,1,0,0,0,0,9,9,1,0,0,0,0,0,1,1,0,3,4,3,0,1,1.00E-12,16,0,1.00E+99,1.00E+99,1,1,0,1
x1227,1664186899,1,0,1,0,0,1,0,0,0,0,8,8,1,0,0,0,0,0,1,1,0,3,6,1,1,0,1.00E-12,7,0,1.00E+99,1.00E+99,1,1,0,0
x1228,1664186899,1,0,1,0,0,1,0,0,0,0,7,7,1,0,0,0,0,0,1,1,0,3,6,1,1,0,1.00E-12,7,0,1.00E+99,1.00E+99,1,1,0,1
x1229,1664186899,1,0,1,0,0,1,0,0,0,0,6,6,1,0,0,0,0,0,1,1,0,3,4,3,0,1,1.00E-12,16,0,1.00E+99,1.00E+99,1,1,0,1
x1230,1664186899,1,0,1,0,0,1,0,0,0,0,5,5,1,0,0,0,0,0,1,1,0,3,4,3,0,1,1.00E-12,16,0,1.00E+99,1.00E+99,1,1,0,0
x1231,1664186899,1,0,1,0,0,1,0,0,0,0,4,4,1,0,0,0,0,0,1,1,0,3,4,1,1,0,1.00E-12,4,0,1.00E+99,1.00E+99,1,1,0,1
x1232,1664186899,1,0,1,0,0,1,0,0,0,0,12,12,1,0,0,0,0,0,1,1,0,3,6,14,0,5,1.00E-12,171,0,1.00E+99,1.00E+99,1,1,0,0
x1233,1664186899,1,0,1,0,0,1,0,0,0,0,11,11,1,0,0,0,0,0,1,1,0,3,6,1,0,0,1.00E-12,6,0,1.00E+99,1.00E+99,1,1,0,0
x1234,1664186899,1,0,1,0,0,1,0,0,0,0,10,10,1,0,0,0,0,0,1,1,0,3,6,1,0,0,1.00E-12,6,0,1.00E+99,1.00E+99,1,1,0,0
x1235,1664186899,1,0,1,0,0,1,0,0,0,0,9,9,1,0,0,0,0,0,1,1,0,3,6,1,0,0,1.00E-12,6,0,1.00E+99,1.00E+99,1,1,0,1
x1236,1664186899,1,0,1,0,0,1,0,0,0,0,8,8,1,0,0,0,0,0,1,1,0,3,6,1,0,0,1.00E-12,6,0,1.00E+99,1.00E+99,1,1,0,1
x1237,1664186899,1,0,1,0,0,1,0,0,0,0,7,7,1,0,0,0,0,0,1,1,0,3,6,1,0,0,1.00E-12,6,0,1.00E+99,1.00E+99,1,1,0,0
x1238,1664186899,1,0,1,0,0,1,0,0,0,0,6,6,1,0,0,0,0,0,1,1,0,3,6,1,0,0,1.00E-12,6,0,1.00E+99,1.00E+99,1,1,0,1
x1239,1664186899,1,0,1,0,0,1,0,0,0,0,12,12,1,0,0,0,0,0,1,1,0,3,6,11,0,2,1.00E-12,126,0,1.00E+99,1.00E+99,1,1,0,0
x1240,1664186899,1,0,1,0,0,1,0,0,0,0,11,11,1,0,0,0,0,0,1,1,0,3,6,7,0,2,1.00E-12,60,0,1.00E+99,1.00E+99,1,1,0,0
x1241,1664186899,1,0,1,0,0,1,0,0,0,0,10,10,1,0,0,0,0,0,1,1,0,3,6,1,0,0,1.00E-12,6,0,1.00E+99,1.00E+99,1,1,0,1
x1242,1664186899,1,0,1,0,0,1,0,0,0,0,9,9,1,0,0,0,0,0,1,1,0,3,6,1,0,0,1.00E-12,6,0,1.00E+99,1.00E+99,1,1,0,0
x1243,1664186899,1,0,1,0,0,1,0,0,0,0,8,8,1,0,0,0,0,0,1,1,0,3,6,1,0,0,1.00E-12,6,0,1.00E+99,1.00E+99,1,1,0,1
x1244,1664186899,1,0,1,0,0,1,0,0,0,0,7,7,1,0,0,0,0,0,1,1,0,3,6,1,0,0,1.00E-12,6,0,1.00E+99,1.00E+99,1,1,0,1
x1245,1664186899,1,0,1,0,0,1,0,0,0,0,6,6,1,0,0,0,0,0,1,1,0,3,6,1,0,0,1.00E-12,6,0,1.00E+99,1.00E+99,1,1,0,0
x1274,1664186899,1,0,1,0,0,1,0,0,0,0,10,10,1,0,0,0,0,0,1,1,0,3,4,9,0,2,1.00E-12,72,0,1.00E+99,1.00E+99,1,1,0,0
x1275,1664186899,1,0,1,0,0,1,0,0,0,0,9,9,1,0,0,0,0,0,1,1,0,3,6,1,1,0,1.00E-12,7,0,1.00E+99,1.00E+99,1,1,0,1
x1276,1664186899,1,0,1,0,0,1,0,0,0,0,8,8,1,0,0,0,0,0,1,1,0,3,4,3,0,1,1.00E-12,16,0,1.00E+99,1.00E+99,1,1,0,0
x1277,1664186899,1,0,1,0,0,1,0,0,0,0,7,7,1,0,0,0,0,0,1,1,0,3,4,3,0,1,1.00E-12,16,0,1.00E+99,1.00E+99,1,1,0,0
x1278,1664186899,1,0,1,0,0,1,0,0,0,0,6,6,1,0,0,0,0,0,1,1,0,3,6,1,1,0,1.00E-12,7,0,1.00E+99,1.00E+99,1,1,0,1
x1279,1664186899,1,0,1,0,0,1,0,0,0,0,5,5,1,0,0,0,0,0,1,1,0,3,4,1,1,0,1.00E-12,4,0,1.00E+99,1.00E+99,1,1,0,1
x1280,1664186899,1,0,1,0,0,1,0,0,0,0,4,4,1,0,0,0,0,0,1,1,0,3,4,1,1,0,1.00E-12,304,0,1.00E+99,1.00E+99,1,1,0,1
x1281,1664186899,1,0,1,0,0,1,0,0,0,0,10,10,1,0,0,0,0,0,1,1,0,3,4,7,0,1,1.00E-12,60,0,1.00E+99,1.00E+99,1,1,0,0
x1282,1664186899,1,0,1,0,0,1,0,0,0,0,9,9,1,0,0,0,0,0,1,1,0,3,4,3,0,1,1.00E-12,16,0,1.00E+99,1.00E+99,1,1,0,0
x1283,1664186899,1,0,1,0,0,1,0,0,0,0,8,8,1,0,0,0,0,0,1,1,0,3,6,1,1,0,1.00E-12,7,0,1.00E+99,1.00E+99,1,1,0,1
x1284,1664186899,1,0,1,0,0,1,0,0,0,0,7,7,1,0,0,0,0,0,1,1,0,3,4,3,0,1,1.00E-12,16,0,1.00E+99,1.00E+99,1,1,0,0
x1285,1664186899,1,0,1,0,0,1,0,0,0,0,6,6,1,0,0,0,0,0,1,1,0,3,6,1,1,0,1.00E-12,7,0,1.00E+99,1.00E+99,1,1,0,1
x1286,1664186899,1,0,1,0,0,1,0,0,0,0,5,5,1,0,0,0,0,0,1,1,0,3,4,1,0,1,1.00E-12,4,0,1.00E+99,1.00E+99,1,1,0,0
x1287,1664186899,1,0,1,0,0,1,0,0,0,0,4,4,1,0,0,0,0,0,1,1,0,3,4,1,0,1,1.00E-12,4,0,1.00E+99,1.00E+99,1,1,0,0
x1288,1664186899,1,0,1,0,0,1,0,0,0,0,12,12,1,0,0,0,0,0,1,1,0,3,6,14,0,5,1.00E-12,171,0,1.00E+99,1.00E+99,1,1,0,0
x1289,1664186899,1,0,1,0,0,1,0,0,0,0,11,11,1,0,0,0,0,0,1,1,0,3,6,1,0,0,1.00E-12,6,0,1.00E+99,1.00E+99,1,1,0,1
x1290,1664186899,1,0,1,0,0,1,0,0,0,0,10,10,1,0,0,0,0,0,1,1,0,3,6,1,0,0,1.00E-12,6,0,1.00E+99,1.00E+99,1,1,0,0
x1291,1664186899,1,0,1,0,0,1,0,0,0,0,9,9,1,0,0,0,0,0,1,1,0,3,6,1,0,0,1.00E-12,6,0,1.00E+99,1.00E+99,1,1,0,0
x1292,1664186899,1,0,1,0,0,1,0,0,0,0,8,8,1,0,0,0,0,0,1,1,0,3,6,1,0,0,1.00E-12,6,0,1.00E+99,1.00E+99,1,1,0,1
x1293,1664186899,1,0,1,0,0,1,0,0,0,0,7,7,1,0,0,0,0,0,1,1,0,3,6,1,0,0,1.00E-12,6,0,1.00E+99,1.00E+99,1,1,0,0
x1294,1664186899,1,0,1,0,0,1,0,0,0,0,6,6,1,0,0,0,0,0,1,1,0,3,6,1,0,0,1.00E-12,6,0,1.00E+99,1.00E+99,1,1,0,1
x1295,1664186899,1,0,1,0,0,1,0,0,0,0,12,12,1,0,0,0,0,0,1,1,0,3,6,11,0,2,1.00E-12,126,0,1.00E+99,1.00E+99,1,1,0,0
x1296,1664186899,1,0,1,0,0,1,0,0,0,0,11,11,1,0,0,0,0,0,1,1,0,3,6,7,0,2,1.00E-12,60,0,1.00E+99,1.00E+99,1,1,0,0
x1297,1664186899,1,0,1,0,0,1,0,0,0,0,10,10,1,0,0,0,0,0,1,1,0,3,6,1,0,0,1.00E-12,6,0,1.00E+99,1.00E+99,1,1,0,1
x1298,1664186899,1,0,1,0,0,1,0,0,0,0,9,9,1,0,0,0,0,0,1,1,0,3,6,1,0,0,1.00E-12,6,0,1.00E+99,1.00E+99,1,1,0,1
x1299,1664186899,1,0,1,0,0,1,0,0,0,0,8,8,1,0,0,0,0,0,1,1,0,3,6,1,0,0,1.00E-12,6,0,1.00E+99,1.00E+99,1,1,0,1
x1300,1664186899,1,0,1,0,0,1,0,0,0,0,7,7,1,0,0,0,0,0,1,1,0,3,6,1,0,0,1.00E-12,6,0,1.00E+99,1.00E+99,1,1,0,0
x1301,1664186899,1,0,1,0,0,1,0,0,0,0,6,6,1,0,0,0,0,0,1,1,0,3,6,1,0,0,1.00E-12,806,0,1.00E+99,1.00E+99,1,1,0,1
x1316,1664186899,1,0,1,0,0,1,0,0,0,0,10,10,1,0,0,0,0,0,1,1,0,3,4,11,0,4,1.00E-12,88,0,1.00E+99,1.00E+99,1,1,0,0
x1317,1664186899,1,0,1,0,0,1,0,0,0,0,9,9,1,0,0,0,0,0,1,1,0,3,6,1,1,0,1.00E-12,7,0,1.00E+99,1.00E+99,1,1,0,0
x1318,1664186899,1,0,1,0,0,1,0,0,0,0,8,8,1,0,0,0,0,0,1,1,0,3,4,3,0,1,1.00E-12,16,0,1.00E+99,1.00E+99,1,1,0,1
x1319,1664186899,1,0,1,0,0,1,0,0,0,0,7,7,1,0,0,0,0,0,1,1,0,3,4,3,0,1,1.00E-12,16,0,1.00E+99,1.00E+99,1,1,0,0
x1320,1664186899,1,0,1,0,0,1,0,0,0,0,6,6,1,0,0,0,0,0,1,1,0,3,6,1,1,0,1.00E-12,7,0,1.00E+99,1.00E+99,1,1,0,1
x1321,1664186899,1,0,1,0,0,1,0,0,0,0,5,5,1,0,0,0,0,0,1,1,0,3,6,1,1,0,1.00E-12,7,0,1.00E+99,1.00E+99,1,1,0,0
x1322,1664186899,1,0,1,0,0,1,0,0,0,0,4,4,1,0,0,0,0,0,1,1,0,3,4,1,1,0,1.00E-12,4,0,1.00E+99,1.00E+99,1,1,0,0
x1323,1664186899,1,0,1,0,0,1,0,0,0,0,10,10,1,0,0,0,0,0,1,1,0,3,4,9,0,2,1.00E-12,76,0,1.00E+99,1.00E+99,1,1,0,0
x1324,1664186899,1,0,1,0,0,1,0,0,0,0,9,9,1,0,0,0,0,0,1,1,0,3,4,5,0,2,1.00E-12,28,0,1.00E+99,1.00E+99,1,1,0,0
x1325,1664186899,1,0,1,0,0,1,0,0,0,0,8,8,1,0,0,0,0,0,1,1,0,3,6,1,1,0,1.00E-12,7,0,1.00E+99,1.00E+99,1,1,0,0
x1326,1664186899,1,0,1,0,0,1,0,0,0,0,7,7,1,0,0,0,0,0,1,1,0,3,6,1,1,0,1.00E-12,7,0,1.00E+99,1.00E+99,1,1,0,1
x1327,1664186899,1,0,1,0,0,1,0,0,0,0,6,6,1,0,0,0,0,0,1,1,0,3,6,1,1,0,1.00E-12,7,0,1.00E+99,1.00E+99,1,1,0,0
x1328,1664186899,1,0,1,0,0,1,0,0,0,0,5,5,1,0,0,0,0,0,1,1,0,3,4,3,0,1,1.00E-12,16,0,1.00E+99,1.00E+99,1,1,0,1
x1329,1664186899,1,0,1,0,0,1,0,0,0,0,4,4,1,0,0,0,0,0,1,1,0,3,4,1,0,1,1.00E-12,418,0,1.00E+99,1.00E+99,1,1,0,1
x1330,1664186899,1,0,1,0,0,1,0,0,0,0,10,10,1,0,0,0,0,0,1,1,0,3,4,6,0,1,1.00E-12,60,0,1.00E+99,1.00E+99,1,1,0,0
x1331,1664186899,1,0,1,0,0,1,0,0,0,0,9,9,1,0,0,0,0,0,1,1,0,3,4,3,0,1,1.00E-12,16,0,1.00E+99,1.00E+99,1,1,0,1
x1332,1664186899,1,0,1,0,0,1,0,0,0,0,8,8,1,0,0,0,0,0,1,1,0,3,6,1,1,0,1.00E-12,7,0,1.00E+99,1.00E+99,1,1,0,0
x1333,1664186899,1,0,1,0,0,1,0,0,0,0,7,7,1,0,0,0,0,0,1,1,0,3,4,3,0,1,1.00E-12,16,0,1.00E+99,1.00E+99,1,1,0,0
x1334,1664186899,1,0,1,0,0,1,0,0,0,0,6,6,1,0,0,0,0,0,1,1,0,3,4,3,0,1,1.00E-12,16,0,1.00E+99,1.00E+99,1,1,0,0
x1335,1664186899,1,0,1,0,0,1,0,0,0,0,5,5,1,0,0,0,0,0,1,1,0,3,6,1,1,0,1.00E-12,7,0,1.00E+99,1.00E+99,1,1,0,0
x1336,1664186899,1,0,1,0,0,1,0,0,0,0,4,4,1,0,0,0,0,0,1,1,0,3,4,1,0,1,1.00E-12,4,0,1.00E+99,1.00E+99,1,1,0,1
x1337,1664186899,1,0,1,0,0,1,0,0,0,0,12,12,1,0,0,0,0,0,1,1,0,3,6,19,0,10,1.00E-12,246,0,1.00E+99,1.00E+99,1,1,0,0
x1338,1664186899,1,0,1,0,0,1,0,0,0,0,11,11,1,0,0,0,0,0,1,1,0,3,8,1,1,0,1.00E-12,9,0,1.00E+99,1.00E+99,1,1,0,0
x1339,1664186899,1,0,1,0,0,1,0,0,0,0,10,10,1,0,0,0,0,0,1,1,0,3,6,3,0,1,1.00E-12,24,0,1.00E+99,1.00E+99,1,1,0,1
x1340,1664186899,1,0,1,0,0,1,0,0,0,0,9,9,1,0,0,0,0,0,1,1,0,3,6,3,0,1,1.00E-12,24,0,1.00E+99,1.00E+99,1,1,0,1
x1341,1664186899,1,0,1,0,0,1,0,0,0,0,8,8,1,0,0,0,0,0,1,1,0,3,8,1,1,0,1.00E-12,9,0,1.00E+99,1.00E+99,1,1,0,1
x1342,1664186899,1,0,1,0,0,1,0,0,0,0,7,7,1,0,0,0,0,0,1,1,0,3,6,3,0,1,1.00E-12,24,0,1.00E+99,1.00E+99,1,1,0,0
x1343,1664186899,1,0,1,0,0,1,0,0,0,0,6,6,1,0,0,0,0,0,1,1,0,3,8,1,1,0,1.00E-12,9,0,1.00E+99,1.00E+99,1,1,0,1
x1344,1664186899,1,0,1,0,0,1,0,0,0,0,12,12,1,0,0,0,0,0,1,1,0,3,6,15,0,6,1.00E-12,192,0,1.00E+99,1.00E+99,1,1,0,0
x1345,1664186899,1,0,1,0,0,1,0,0,0,0,11,11,1,0,0,0,0,0,1,1,0,3,6,11,0,6,1.00E-12,120,0,1.00E+99,1.00E+99,1,1,0,0
x1346,1664186899,1,0,1,0,0,1,0,0,0,0,10,10,1,0,0,0,0,0,1,1,0,3,8,1,1,0,1.00E-12,9,0,1.00E+99,1.00E+99,1,1,0,1
x1347,1664186899,1,0,1,0,0,1,0,0,0,0,9,9,1,0,0,0,0,0,1,1,0,3,8,1,1,0,1.00E-12,9,0,1.00E+99,1.00E+99,1,1,0,0
x1348,1664186899,1,0,1,0,0,1,0,0,0,0,8,8,1,0,0,0,0,0,1,1,0,3,8,1,1,0,1.00E-12,9,0,1.00E+99,1.00E+99,1,1,0,1
x1349,1664186899,1,0,1,0,0,1,0,0,0,0,7,7,1,0,0,0,0,0,1,1,0,3,6,3,0,1,1.00E-12,24,0,1.00E+99,1.00E+99,1,1,0,0
x1350,1664186899,1,0,1,0,0,1,0,0,0,0,6,6,1,0,0,0,0,0,1,1,0,3,8,1,1,0,1.00E-12,9,0,1.00E+99,1.00E+99,1,1,0,1
x1351,1664186899,1,0,1,0,0,1,0,0,0,0,12,12,1,0,0,0,0,0,1,1,0,3,6,11,0,3,1.00E-12,132,0,1.00E+99,1.00E+99,1,1,0,0
x1352,1664186899,1,0,1,0,0,1,0,0,0,0,11,11,1,0,0,0,0,0,1,1,0,3,6,8,0,3,1.00E-12,66,0,1.00E+99,1.00E+99,1,1,0,0
x1353,1664186899,1,0,1,0,0,1,0,0,0,0,10,10,1,0,0,0,0,0,1,1,0,3,8,1,1,0,1.00E-12,9,0,1.00E+99,1.00E+99,1,1,0,0
x1354,1664186899,1,0,1,0,0,1,0,0,0,0,9,9,1,0,0,0,0,0,1,1,0,3,6,3,0,1,1.00E-12,24,0,1.00E+99,1.00E+99,1,1,0,1
x1355,1664186899,1,0,1,0,0,1,0,0,0,0,8,8,1,0,0,0,0,0,1,1,0,3,8,1,1,0,1.00E-12,9,0,1.00E+99,1.00E+99,1,1,0,1
x1356,1664186899,1,0,1,0,0,1,0,0,0,0,7,7,1,0,0,0,0,0,1,1,0,3,6,3,0,1,1.00E-12,24,0,1.00E+99,1.00E+99,1,1,0,0
x1357,1664186899,1,0,1,0,0,1,0,0,0,0,6,6,1,0,0,0,0,0,1,1,0,3,6,3,0,1,1.00E-12,305.25,0,1.00E+99,1.00E+99,1,1,0,1
x1400,1664186899,1,0,1,0,0,1,0,0,0,0,10,10,1,0,0,0,0,0,1,1,0,3,4,9,0,2,1.00E-12,72,0,1.00E+99,1.00E+99,1,1,0,0
x1401,1664186899,1,0,1,0,0,1,0,0,0,0,9,9,1,0,0,0,0,0,1,1,0,3,4,1,0,0,1.00E-12,4,0,1.00E+99,1.00E+99,1,1,0,1
x1402,1664186899,1,0,1,0,0,1,0,0,0,0,8,8,1,0,0,0,0,0,1,1,0,3,4,1,0,0,1.00E-12,4,0,1.00E+99,1.00E+99,1,1,0,1
x1403,1664186899,1,0,1,0,0,1,0,0,0,0,7,7,1,0,0,0,0,0,1,1,0,3,4,1,0,0,1.00E-12,4,0,1.00E+99,1.00E+99,1,1,0,0
x1404,1664186899,1,0,1,0,0,1,0,0,0,0,6,6,1,0,0,0,0,0,1,1,0,3,4,1,0,0,1.00E-12,4,0,1.00E+99,1.00E+99,1,1,0,1
x1405,1664186899,1,0,1,0,0,1,0,0,0,0,5,5,1,0,0,0,0,0,1,1,0,3,4,1,0,0,1.00E-12,4,0,1.00E+99,1.00E+99,1,1,0,0
x1406,1664186899,1,0,1,0,0,1,0,0,0,0,4,4,1,0,0,0,0,0,1,1,0,3,4,1,0,0,1.00E-12,4,0,1.00E+99,1.00E+99,1,1,0,1
x1407,1664186899,1,0,1,0,0,1,0,0,0,0,10,10,1,0,0,0,0,0,1,1,0,3,4,7,0,1,1.00E-12,60,0,1.00E+99,1.00E+99,1,1,0,1
x1408,1664186899,1,0,1,0,0,1,0,0,0,0,9,9,1,0,0,0,0,0,1,1,0,3,4,3,0,1,1.00E-12,16,0,1.00E+99,1.00E+99,1,1,0,0
x1409,1664186899,1,0,1,0,0,1,0,0,0,0,8,8,1,0,0,0,0,0,1,1,0,3,4,1,0,0,1.00E-12,4,0,1.00E+99,1.00E+99,1,1,0,0
x1410,1664186899,1,0,1,0,0,1,0,0,0,0,7,7,1,0,0,0,0,0,1,1,0,3,4,1,0,0,1.00E-12,4,0,1.00E+99,1.00E+99,1,1,0,0
x1411,1664186899,1,0,1,0,0,1,0,0,0,0,6,6,1,0,0,0,0,0,1,1,0,3,4,1,0,0,1.00E-12,4,0,1.00E+99,1.00E+99,1,1,0,0
x1412,1664186899,1,0,1,0,0,1,0,0,0,0,5,5,1,0,0,0,0,0,1,1,0,3,4,1,0,0,1.00E-12,4,0,1.00E+99,1.00E+99,1,1,0,0
x1413,1664186899,1,0,1,0,0,1,0,0,0,0,4,4,1,0,0,0,0,0,1,1,0,3,4,1,0,0,1.00E-12,4,0,1.00E+99,1.00E+99,1,1,0,1
x1414,1664186899,1,0,1,0,0,1,0,0,0,0,12,12,1,0,0,0,0,0,1,1,0,3,6,15,0,6,1.00E-12,168,0,1.00E+99,1.00E+99,1,1,0,0
x1415,1664186899,1,0,1,0,0,1,0,0,0,0,11,11,1,0,0,0,0,0,1,1,0,3,8,1,1,0,1.00E-12,9,0,1.00E+99,1.00E+99,1,1,0,0
x1416,1664186899,1,0,1,0,0,1,0,0,0,0,10,10,1,0,0,0,0,0,1,1,0,3,6,3,0,1,1.00E-12,24,0,1.00E+99,1.00E+99,1,1,0,1
x1417,1664186899,1,0,1,0,0,1,0,0,0,0,9,9,1,0,0,0,0,0,1,1,0,3,6,3,0,1,1.00E-12,24,0,1.00E+99,1.00E+99,1,1,0,0
x1418,1664186899,1,0,1,0,0,1,0,0,0,0,8,8,1,0,0,0,0,0,1,1,0,3,8,1,1,0,1.00E-12,9,0,1.00E+99,1.00E+99,1,1,0,1
x1419,1664186899,1,0,1,0,0,1,0,0,0,0,7,7,1,0,0,0,0,0,1,1,0,3,6,3,0,1,1.00E-12,24,0,1.00E+99,1.00E+99,1,1,0,1
x1420,1664186899,1,0,1,0,0,1,0,0,0,0,6,6,1,0,0,0,0,0,1,1,0,3,8,1,1,0,1.00E-12,9,0,1.00E+99,1.00E+99,1,1,0,0
x1421,1664186899,1,0,1,0,0,1,0,0,0,0,12,12,1,0,0,0,0,0,1,1,0,3,6,12,0,3,1.00E-12,144,0,1.00E+99,1.00E+99,1,1,0,0
x1422,1664186899,1,0,1,0,0,1,0,0,0,0,11,11,1,0,0,0,0,0,1,1,0,3,6,8,0,3,1.00E-12,78,0,1.00E+99,1.00E+99,1,1,0,1
x1423,1664186899,1,0,1,0,0,1,0,0,0,0,10,10,1,0,0,0,0,0,1,1,0,3,8,1,1,0,1.00E-12,9,0,1.00E+99,1.00E+99,1,1,0,0
x1424,1664186899,1,0,1,0,0,1,0,0,0,0,9,9,1,0,0,0,0,0,1,1,0,3,8,1,1,0,1.00E-12,9,0,1.00E+99,1.00E+99,1,1,0,0
x1425,1664186899,1,0,1,0,0,1,0,0,0,0,8,8,1,0,0,0,0,0,1,1,0,3,6,3,0,1,1.00E-12,24,0,1.00E+99,1.00E+99,1,1,0,0
x1426,1664186899,1,0,1,0,0,1,0,0,0,0,7,7,1,0,0,0,0,0,1,1,0,3,8,1,1,0,1.00E-12,9,0,1.00E+99,1.00E+99,1,1,0,1
x1427,1664186899,1,0,1,0,0,1,0,0,0,0,6,6,1,0,0,0,0,0,1,1,0,3,6,3,0,1,1.00E-12,305.25,0,1.00E+99,1.00E+99,1,1,0,1
